ra,fase_ordem_2023,idade_2023,genero_2023,ano_ingresso_2023,instituicao_ensino_2023,inde_2023,ian_2023,ida_2023,ieg_2023,iaa_2023,ips_2023,ipp_2023,ipv_2023,nota_matematica_2023,nota_portugues_2023,nota_ingles_2023,defasagem_2023,em_defasagem_2023,defasagem_2024,alvo_defasagem_2024,elegivel_nova_defasagem_2024,entrou_em_defasagem_2024
RA-861,0.0,8.0,Feminino,2023,Pública,9.31095,10.0,9.6,10.0,9.5,8.13,8.4375,8.92,9.8,9.4,,0.0,0.0,-1.0,1.0,1,1.0
RA-862,0.0,9.0,Masculino,2023,Pública,8.2212,5.0,8.9,9.1,8.5,8.14,7.5,8.585,8.5,9.2,,-1.0,1.0,-2.0,1.0,0,
RA-863,0.0,7.0,Masculino,2023,Pública,5.92975,10.0,6.3,7.6,0.0,3.14,5.9375,6.26,7.0,5.5,,0.0,0.0,-1.0,1.0,1,1.0
RA-867,0.0,8.0,Masculino,2023,Pública,8.6992,10.0,8.9,8.6,9.0,8.76,7.5,8.415,8.7,9.0,,0.0,0.0,-1.0,1.0,1,1.0
RA-868,0.0,7.0,Masculino,2023,Pública,8.63895,10.0,7.1,9.5,10.0,8.76,7.1875,8.67,7.8,6.3,,0.0,0.0,-1.0,1.0,1,1.0
RA-871,0.0,9.0,Masculino,2023,Pública,6.8617,5.0,6.9,9.5,9.0,3.76,4.375,6.84,6.8,7.0,,-1.0,1.0,0.0,0.0,0,
RA-873,0.0,11.0,Feminino,2023,Pública,7.8012,5.0,7.0,9.7,8.5,7.52,6.25,8.67,7.2,6.8,,-2.0,1.0,-2.0,1.0,0,
RA-874,0.0,9.0,Masculino,2023,Pública,5.811,5.0,4.8,8.2,0.0,7.52,6.25,6.67,6.3,3.3,,-1.0,1.0,-1.0,1.0,0,
RA-876,0.0,8.0,Masculino,2023,Pública,8.6492,10.0,7.5,9.4,10.0,7.52,7.5,8.835,7.3,7.7,,0.0,0.0,0.0,0.0,1,0.0
RA-878,0.0,10.0,Masculino,2023,Pública,6.24,5.0,8.1,9.5,0.0,2.52,5.0,7.34,8.0,8.2,,-2.0,1.0,-1.0,1.0,0,
RA-879,0.0,9.0,Feminino,2023,Pública,6.8225,5.0,8.2,9.8,0.0,2.52,6.875,8.915,8.2,8.2,,-1.0,1.0,-1.0,1.0,0,
RA-880,0.0,7.0,Feminino,2023,Pública,6.724,10.0,6.3,9.4,0.0,2.52,6.25,8.585,6.3,6.2,,0.0,0.0,-1.0,1.0,1,1.0
RA-884,0.0,7.0,Feminino,2023,Pública,8.4587,10.0,8.8,9.7,9.0,4.39,6.875,8.66,8.4,9.2,,0.0,0.0,-1.0,1.0,1,1.0
RA-885,0.0,7.0,Masculino,2023,Pública,8.8252,10.0,8.7,9.8,9.0,7.52,7.5,8.665,8.5,8.8,,0.0,0.0,-1.0,1.0,1,1.0
RA-886,0.0,7.0,Feminino,2023,Pública,8.6422,10.0,8.1,9.4,8.5,7.52,7.5,9.0,7.6,8.5,,0.0,0.0,-1.0,1.0,1,1.0
RA-888,0.0,7.0,Masculino,2023,Pública,8.9182,10.0,8.8,10.0,9.0,7.52,7.5,8.83,8.2,9.3,,0.0,0.0,-1.0,1.0,1,1.0
RA-889,0.0,8.0,Masculino,2023,Pública,8.8092,10.0,9.1,9.5,8.5,6.89,7.5,9.0,8.7,9.5,,0.0,0.0,-1.0,1.0,1,1.0
RA-891,0.0,9.0,Feminino,2023,Pública,7.8882,5.0,7.5,9.5,9.5,6.89,7.5,7.995,6.2,8.8,,-1.0,1.0,-1.0,1.0,0,
RA-684,0.0,8.0,Masculino,2022,Privada,7.4277,10.0,6.5,8.1,9.0,7.52,6.875,5.84,8.3,4.7,,0.0,0.0,0.0,0.0,1,0.0
RA-892,0.0,8.0,Masculino,2023,Pública,8.8112,10.0,8.3,9.6,8.0,6.89,7.5,10.01,8.5,8.0,,0.0,0.0,0.0,0.0,1,0.0
RA-893,0.0,9.0,Masculino,2023,Pública,8.8042,5.0,9.3,10.0,9.5,7.52,7.5,10.01,9.5,9.0,,-1.0,1.0,0.0,0.0,0,
RA-894,0.0,9.0,Feminino,2023,Pública,8.8142,5.0,9.4,9.9,9.5,7.52,7.5,10.01,9.3,9.5,,-1.0,1.0,-1.0,1.0,0,
RA-690,0.0,10.0,Feminino,2022,Pública,8.6112,5.0,9.1,9.8,9.0,6.89,7.5,10.01,9.3,8.8,,-2.0,1.0,-1.0,1.0,0,
RA-895,0.0,8.0,Feminino,2023,Pública,8.5397,10.0,6.8,9.5,9.5,7.52,6.875,9.5,6.8,6.7,,0.0,0.0,-1.0,1.0,1,1.0
RA-896,0.0,7.0,Masculino,2023,Pública,9.0912,10.0,8.5,10.0,9.5,6.89,7.5,10.01,9.0,8.0,,0.0,0.0,0.0,0.0,1,0.0
RA-693,0.0,8.0,Feminino,2022,Pública,9.0112,10.0,8.5,9.4,10.0,6.89,7.5,10.01,8.2,8.7,,0.0,0.0,0.0,0.0,1,0.0
RA-850,0.0,9.0,Masculino,2022,Pública,6.06525,5.0,7.3,7.9,0.0,6.26,6.5625,6.265,6.8,7.7,,-1.0,1.0,-1.0,1.0,0,
RA-897,0.0,9.0,Masculino,2023,Pública,5.48225,5.0,6.5,8.1,0.0,7.52,6.5625,3.32,7.2,5.7,,-1.0,1.0,-1.0,1.0,0,
RA-842,0.0,9.0,Feminino,2022,Pública,7.2117,5.0,7.9,8.5,9.0,3.77,5.625,8.01,8.2,7.5,,-1.0,1.0,-1.0,1.0,0,
RA-898,0.0,9.0,Masculino,2023,Pública,8.4217,5.0,9.4,9.8,9.0,3.77,8.125,10.01,9.7,9.0,,-1.0,1.0,-1.0,1.0,0,
RA-899,0.0,8.0,Masculino,2023,Pública,8.8452,10.0,9.5,9.8,10.0,3.77,7.5,9.34,9.3,9.6,,0.0,0.0,0.0,0.0,1,0.0
RA-900,0.0,8.0,Feminino,2023,Pública,8.8947,10.0,7.8,9.8,9.0,9.38,8.125,8.67,8.0,7.5,,0.0,0.0,0.0,0.0,1,0.0
RA-743,0.0,10.0,Feminino,2022,Pública,6.659,5.0,7.1,9.1,0.0,3.77,7.5,9.01,7.3,6.8,,-2.0,1.0,-1.0,1.0,0,
RA-681,0.0,10.0,Masculino,2022,Pública,6.2955,5.0,8.3,7.8,0.0,3.77,5.625,8.18,8.8,7.8,,-2.0,1.0,-1.0,1.0,0,
RA-903,0.0,8.0,Feminino,2023,Pública,8.5242,10.0,7.8,9.6,10.0,5.02,7.5,9.01,7.7,7.8,,0.0,0.0,0.0,0.0,1,0.0
RA-851,0.0,9.0,Masculino,2022,Pública,6.1683,5.0,6.6,7.5,8.4,2.52,5.625,6.01,6.8,6.3,,-1.0,1.0,-1.0,1.0,0,
RA-847,0.0,10.0,Masculino,2022,Pública,6.5418,5.0,7.6,9.1,7.9,2.52,5.0,5.84,7.5,7.6,,-2.0,1.0,-1.0,1.0,0,
RA-904,0.0,7.0,Feminino,2023,Pública,8.140783333,10.0,6.4,9.3,9.0,7.52,7.8125,7.836666667,6.0,6.8,,0.0,0.0,-1.0,1.0,1,1.0
RA-858,0.0,8.0,Masculino,2022,Pública,7.248833333,10.0,9.3,8.1,0.0,3.77,8.125,7.946666667,9.3,9.2,,0.0,0.0,-1.0,1.0,1,1.0
RA-905,0.0,9.0,Masculino,2023,Pública,7.831033333,5.0,8.3,9.4,9.5,7.52,6.875,7.056666667,7.5,9.0,,-1.0,1.0,-2.0,1.0,0,
RA-702,0.0,9.0,Feminino,2022,Pública,8.239866667,5.0,9.3,10.0,10.0,5.63,7.5,7.833333333,9.3,9.3,,-1.0,1.0,-2.0,1.0,0,
RA-725,0.0,9.0,Masculino,2022,Pública,8.117366667,5.0,8.4,9.0,9.5,7.52,8.125,8.113333333,8.1,8.7,,-1.0,1.0,-1.0,1.0,0,
RA-907,0.0,8.0,Feminino,2023,Privada,8.962033333,10.0,9.3,9.6,9.5,7.52,8.125,8.336666667,9.2,9.4,,0.0,0.0,-1.0,1.0,1,1.0
RA-908,0.0,8.0,Feminino,2023,Pública,8.479366667,10.0,7.9,9.0,9.0,7.52,8.125,8.223333333,6.7,9.0,,0.0,0.0,-1.0,1.0,1,1.0
RA-909,0.0,10.0,Feminino,2023,Pública,8.486033333,5.0,9.2,9.9,10.0,7.52,8.125,8.056666667,9.1,9.2,,-2.0,1.0,-2.0,1.0,0,
RA-910,0.0,8.0,Masculino,2023,Pública,7.801,10.0,8.9,8.8,0.0,7.52,8.75,8.17,8.8,9.0,,0.0,0.0,0.0,0.0,1,0.0
RA-836,0.0,10.0,Masculino,2022,Pública,7.6417,5.0,6.7,9.6,9.5,6.27,6.875,8.085,6.7,6.7,,-2.0,1.0,-1.0,1.0,0,
RA-911,0.0,11.0,Masculino,2023,Pública,5.59545,5.0,3.4,6.7,9.0,2.52,5.3125,7.01,3.7,3.0,,-2.0,1.0,-2.0,1.0,0,
RA-860,0.0,8.0,Masculino,2022,Pública,8.2372,10.0,7.4,9.8,7.0,6.89,7.5,8.34,7.2,7.5,,0.0,0.0,0.0,0.0,1,0.0
RA-727,0.0,9.0,Masculino,2022,Pública,7.6802,5.0,8.0,8.8,9.5,2.52,7.5,9.34,8.3,7.7,,-1.0,1.0,0.0,0.0,0,
RA-740,0.0,10.0,Feminino,2022,Privada,7.2845,5.0,9.1,8.7,0.0,7.52,6.875,8.925,9.0,9.2,,-2.0,1.0,-1.0,1.0,0,
RA-912,0.0,9.0,Feminino,2023,Pública,7.0797,5.0,6.3,9.4,7.0,7.52,5.625,7.175,6.2,6.3,,-1.0,1.0,-2.0,1.0,0,
RA-706,0.0,10.0,Feminino,2021,Pública,7.1527,5.0,7.3,7.8,9.0,4.39,6.875,8.08,6.7,7.8,,-2.0,1.0,0.0,0.0,0,
RA-840,0.0,9.0,Masculino,2022,Pública,7.7862,5.0,8.2,9.0,9.5,4.38,7.5,8.59,8.3,8.0,,-1.0,1.0,0.0,0.0,0,
RA-841,0.0,11.0,Masculino,2022,Pública,6.78,5.0,6.9,7.2,0.0,7.52,7.5,9.84,6.7,7.0,,-2.0,1.0,-1.0,1.0,0,
RA-709,0.0,11.0,Feminino,2022,Pública,6.6927,5.0,4.9,7.9,10.0,7.52,5.625,6.59,5.5,4.3,,-2.0,1.0,-1.0,1.0,0,
RA-916,0.0,9.0,Feminino,2023,Pública,7.3882,5.0,6.6,9.7,9.5,2.52,6.25,9.005,7.7,5.5,,-1.0,1.0,-2.0,1.0,0,
RA-918,0.0,7.0,Feminino,2023,Pública,7.4967,10.0,7.7,8.7,10.0,2.52,5.625,7.01,7.1,8.3,,0.0,0.0,-1.0,1.0,1,1.0
RA-919,0.0,9.0,Masculino,2023,Pública,6.225,5.0,5.3,8.4,0.0,7.52,6.25,8.09,5.5,5.0,,-1.0,1.0,-2.0,1.0,0,
RA-920,0.0,8.0,Feminino,2023,Pública,6.9647,10.0,6.1,6.3,9.0,7.52,5.625,6.35,6.0,6.2,,0.0,0.0,-1.0,1.0,1,1.0
RA-921,0.0,7.0,Feminino,2023,Pública,7.7407,10.0,6.3,9.7,9.0,7.52,5.625,6.68,6.5,6.0,,0.0,0.0,-1.0,1.0,1,1.0
RA-922,0.0,8.0,Feminino,2023,Pública,8.5262,10.0,8.4,9.7,8.5,3.14,7.5,10.01,8.5,8.2,,0.0,0.0,0.0,0.0,1,0.0
RA-715,0.0,10.0,Feminino,2022,Pública,5.8915,5.0,5.4,9.5,0.0,3.14,5.625,7.675,4.5,6.3,,-2.0,1.0,0.0,0.0,0,
RA-822,0.0,11.0,Masculino,2022,Pública,6.4497,5.0,7.1,8.4,8.5,2.52,5.625,5.925,8.0,6.2,,-2.0,1.0,-2.0,1.0,0,
RA-923,0.0,8.0,Feminino,2023,Pública,8.8842,10.0,7.3,9.9,9.5,7.52,7.5,10.01,7.5,7.0,,0.0,0.0,0.0,0.0,1,0.0
RA-924,0.0,8.0,Masculino,2023,Pública,6.5207,10.0,5.0,5.6,9.0,7.52,5.625,5.93,5.0,5.0,,0.0,0.0,-1.0,1.0,1,1.0
RA-925,0.0,7.0,Masculino,2023,Pública,7.1837,10.0,5.4,8.9,9.0,7.52,5.625,5.595,5.2,5.5,,0.0,0.0,-1.0,1.0,1,1.0
RA-853,0.0,9.0,Feminino,2022,Pública,7.8402,5.0,7.4,9.5,10.0,3.77,6.25,9.84,7.2,7.5,,-1.0,1.0,0.0,0.0,0,
RA-854,0.0,8.0,Feminino,2022,Pública,6.6415,10.0,6.0,9.5,0.0,3.77,5.625,8.01,7.5,4.5,,0.0,0.0,0.0,0.0,1,0.0
RA-700,0.0,9.0,Feminino,2022,Pública,8.2852,5.0,7.8,9.7,9.5,7.52,6.25,9.84,7.5,8.0,,-1.0,1.0,-1.0,1.0,0,
RA-672,0.0,10.0,Feminino,2021,Pública,6.5623,5.0,6.4,9.5,7.9,2.52,5.625,6.43,6.0,6.7,,-2.0,1.0,-1.0,1.0,0,
RA-859,0.0,8.0,Feminino,2022,Pública,8.6042,10.0,7.3,9.2,8.0,7.52,7.5,10.01,6.8,7.8,,0.0,0.0,0.0,0.0,1,0.0
RA-704,0.0,11.0,Masculino,2022,Pública,6.8297,5.0,6.1,9.9,10.0,3.14,5.625,6.265,6.5,5.7,,-2.0,1.0,-1.0,1.0,0,
RA-741,0.0,11.0,Feminino,2022,Pública,6.2707,5.0,5.1,6.9,9.5,4.39,5.625,7.095,4.2,6.0,,-2.0,1.0,-1.0,1.0,0,
RA-719,0.0,11.0,Masculino,2021,Pública,6.4137,5.0,5.9,5.3,9.5,7.52,5.625,7.095,7.0,4.7,,-2.0,1.0,-1.0,1.0,0,
RA-926,0.0,9.0,Feminino,2023,Pública,7.7792,5.0,6.8,10.0,9.0,3.77,7.5,9.51,6.5,7.0,,-1.0,1.0,-1.0,1.0,0,
RA-927,0.0,9.0,Feminino,2023,Pública,7.5982,5.0,6.4,9.7,9.0,3.77,7.5,9.255,7.0,5.8,,-1.0,1.0,0.0,0.0,0,
RA-928,0.0,8.0,Feminino,2023,Pública,9.3712,10.0,9.8,10.0,8.5,7.52,8.75,9.67,9.8,9.8,,0.0,0.0,0.0,0.0,1,0.0
RA-929,0.0,8.0,Feminino,2023,Pública,9.1312,10.0,8.8,9.8,8.5,7.52,8.75,9.67,8.7,8.9,,0.0,0.0,-1.0,1.0,1,1.0
RA-930,0.0,8.0,Masculino,2023,Pública,8.8872,10.0,9.0,8.8,9.0,7.52,8.75,9.0,8.7,9.3,,0.0,0.0,-1.0,1.0,1,1.0
RA-931,0.0,8.0,Masculino,2023,Pública,7.3747,10.0,7.8,8.2,8.5,2.52,5.625,7.6,7.0,8.5,,0.0,0.0,-1.0,1.0,1,1.0
RA-934,0.0,8.0,Feminino,2023,Pública,9.1737,10.0,8.7,9.6,9.0,7.52,9.375,9.67,8.3,9.0,,0.0,0.0,-1.0,1.0,1,1.0
RA-935,0.0,9.0,Masculino,2023,Pública,7.9535,5.0,9.4,9.8,0.0,7.52,9.375,9.67,9.2,9.5,,-1.0,1.0,-1.0,1.0,0,
RA-937,0.0,8.0,Feminino,2023,Pública,9.3237,10.0,9.2,9.6,9.5,7.52,9.375,9.67,9.0,9.3,,0.0,0.0,-1.0,1.0,1,1.0
RA-756,0.0,10.0,Masculino,2022,Pública,7.0927,5.0,6.1,8.7,10.0,7.52,5.625,6.59,5.4,6.8,,-2.0,1.0,-2.0,1.0,0,
RA-938,0.0,9.0,Masculino,2023,Pública,6.7372,5.0,4.2,8.4,8.5,7.52,6.25,7.5,0.0,8.3,,-1.0,1.0,-1.0,1.0,0,
RA-939,0.0,11.0,Feminino,2023,Pública,7.9742,5.0,5.4,10.0,9.0,7.52,7.5,10.01,5.0,5.7,,-2.0,1.0,-1.0,1.0,0,
RA-789,0.0,8.0,Feminino,2022,Pública,7.974,10.0,7.9,9.5,0.0,7.52,7.5,10.01,8.5,7.2,,0.0,0.0,0.0,0.0,1,0.0
RA-792,0.0,10.0,Feminino,2022,Pública,7.6267,5.0,7.2,7.7,9.0,7.52,6.875,9.085,6.8,7.5,,-2.0,1.0,-1.0,1.0,0,
RA-941,0.0,8.0,Feminino,2023,Pública,7.6872,10.0,5.0,10.0,8.0,7.52,5.0,8.175,5.0,5.0,,0.0,0.0,-1.0,1.0,1,1.0
RA-943,0.0,8.0,Feminino,2023,Pública,8.9172,10.0,8.0,9.4,9.5,7.52,7.5,9.925,8.0,8.0,,0.0,0.0,0.0,0.0,1,0.0
RA-782,0.0,9.0,Masculino,2022,Pública,7.6812,5.0,7.5,9.8,8.5,2.52,7.5,9.345,8.3,6.7,,-1.0,1.0,0.0,0.0,0,
RA-768,0.0,11.0,Feminino,2021,Pública,8.4042,5.0,7.9,9.1,10.0,7.52,7.5,10.01,8.0,7.8,,-2.0,1.0,-1.0,1.0,0,
RA-794,0.0,9.0,Feminino,2022,Pública,7.9842,5.0,6.2,9.2,9.0,7.52,7.5,10.01,5.2,7.2,,-1.0,1.0,0.0,0.0,0,
RA-795,0.0,9.0,Feminino,2022,Pública,8.4642,5.0,8.2,9.6,9.0,7.52,7.5,10.01,8.7,7.7,,-1.0,1.0,-1.0,1.0,0,
RA-944,0.0,9.0,Feminino,2023,Pública,7.0687,5.0,7.5,7.6,9.0,7.52,5.625,6.67,9.2,5.8,,-1.0,1.0,-2.0,1.0,0,
RA-945,0.0,8.0,Masculino,2023,Pública,8.0777,10.0,7.9,9.2,8.5,7.52,6.875,6.84,8.0,7.8,,0.0,0.0,-1.0,1.0,1,1.0
RA-946,0.0,7.0,Masculino,2023,Pública,8.5822,10.0,9.3,9.4,9.5,7.52,7.5,7.0,9.0,9.5,,0.0,0.0,-1.0,1.0,1,1.0
RA-754,0.0,10.0,Masculino,2022,Pública,6.0537,5.0,5.6,6.1,9.5,2.52,6.875,6.67,5.7,5.4,,-2.0,1.0,-2.0,1.0,0,
RA-947,0.0,8.0,Masculino,2023,Pública,6.3457,10.0,3.3,7.9,9.0,7.52,4.375,5.08,1.7,4.9,,0.0,0.0,-1.0,1.0,1,1.0
RA-949,0.0,8.0,Feminino,2023,Pública,8.0172,10.0,8.9,8.1,9.5,7.52,6.25,6.5,9.1,8.6,,0.0,0.0,-1.0,1.0,1,1.0
RA-950,0.0,8.0,Feminino,2023,Pública,8.8862,10.0,9.3,10.0,9.0,7.52,7.5,8.17,9.5,9.0,,0.0,0.0,-1.0,1.0,1,1.0
RA-773,0.0,9.0,Feminino,2022,Pública,6.9287,5.0,7.9,7.5,10.0,2.52,5.625,7.67,8.0,7.8,,-1.0,1.0,-2.0,1.0,0,
RA-951,0.0,7.0,Feminino,2023,Pública,8.8902,10.0,8.4,9.7,9.5,7.52,7.5,9.09,8.5,8.3,,0.0,0.0,-1.0,1.0,1,1.0
RA-769,0.0,10.0,Feminino,2022,Pública,7.85345,5.0,8.0,9.3,10.0,3.77,7.8125,8.675,8.2,7.8,,-2.0,1.0,-1.0,1.0,0,
RA-952,0.0,8.0,Masculino,2023,Pública,8.37095,10.0,9.0,9.2,9.5,3.77,7.1875,8.425,8.8,9.2,,0.0,0.0,0.0,0.0,1,0.0
RA-826,0.0,9.0,Masculino,2022,Pública,7.77645,5.0,7.3,10.0,10.0,3.77,7.8125,8.34,7.0,7.5,,-1.0,1.0,-1.0,1.0,0,
RA-953,0.0,8.0,Feminino,2023,Pública,7.54005,10.0,8.3,8.8,7.4,3.14,6.5625,7.09,8.5,8.0,,0.0,0.0,0.0,0.0,1,0.0
RA-954,0.0,8.0,Feminino,2023,Pública,6.82375,10.0,7.7,8.3,0.0,3.14,7.1875,8.005,7.8,7.5,,0.0,0.0,0.0,0.0,1,0.0
RA-780,0.0,10.0,Feminino,2022,Pública,7.7842,5.0,8.3,8.8,9.5,3.14,8.75,8.675,8.0,8.5,,-2.0,1.0,-1.0,1.0,0,
RA-955,0.0,10.0,Feminino,2023,Pública,7.1297,5.0,7.8,8.8,9.0,3.14,6.875,7.09,8.0,7.5,,-2.0,1.0,-1.0,1.0,0,
RA-831,0.0,9.0,Masculino,2022,Pública,7.71645,5.0,8.3,9.4,8.0,3.77,7.8125,8.59,8.8,7.8,,-1.0,1.0,-1.0,1.0,0,
RA-774,0.0,9.0,Feminino,2022,Pública,5.852,5.0,6.9,9.5,0.0,3.14,5.0,6.34,7.7,6.0,,-1.0,1.0,-1.0,1.0,0,
RA-748,0.0,10.0,Masculino,2022,Pública,8.7142,5.0,9.1,9.7,9.5,7.52,7.5,10.01,9.0,9.2,,-2.0,1.0,-1.0,1.0,0,
RA-749,0.0,9.0,Masculino,2022,Pública,7.7597,5.0,7.3,9.0,10.0,7.52,5.625,8.425,7.3,7.3,,-1.0,1.0,-2.0,1.0,0,
RA-956,0.0,11.0,Masculino,2023,Pública,7.7312,5.0,7.8,7.5,8.0,7.52,7.5,9.345,7.8,7.8,,-2.0,1.0,-1.0,1.0,0,
RA-787,0.0,9.0,Masculino,2022,Pública,7.5227,5.0,5.9,9.8,9.0,7.52,5.625,8.34,6.0,5.8,,-1.0,1.0,-1.0,1.0,0,
RA-753,0.0,9.0,Feminino,2022,Pública,8.6672,5.0,9.0,9.9,9.0,7.52,7.5,9.925,9.0,9.0,,-1.0,1.0,-1.0,1.0,0,
RA-958,0.0,8.0,Feminino,2023,Pública,9.2902,10.0,9.3,9.8,10.0,7.52,7.5,9.84,9.3,9.3,,0.0,0.0,0.0,0.0,1,0.0
RA-755,0.0,9.0,Masculino,2022,Pública,8.7442,5.0,9.2,9.5,10.0,7.52,7.5,10.01,9.2,9.2,,-1.0,1.0,-1.0,1.0,0,
RA-763,0.0,10.0,Feminino,2021,Pública,6.7215,5.0,7.9,9.2,0.0,3.14,6.875,9.0,7.8,8.0,,-2.0,1.0,-1.0,1.0,0,
RA-757,0.0,10.0,Feminino,2022,Pública,8.6742,5.0,9.3,9.6,9.0,7.52,7.5,10.01,9.5,9.0,,-2.0,1.0,-1.0,1.0,0,
RA-959,0.0,8.0,Masculino,2023,Pública,8.6677,10.0,7.7,9.6,10.0,7.52,6.875,8.84,7.7,7.7,,0.0,0.0,-1.0,1.0,1,1.0
RA-960,0.0,10.0,Masculino,2023,Pública,7.0847,5.0,6.3,10.0,8.5,7.52,5.625,5.85,6.5,6.0,,-2.0,1.0,-1.0,1.0,0,
RA-961,0.0,9.0,Masculino,2023,Pública,5.99625,5.0,6.2,8.7,0.0,2.52,5.3125,8.665,6.2,6.2,,-1.0,1.0,-1.0,1.0,0,
RA-805,0.0,9.0,Masculino,2021,Pública,6.492,5.0,6.8,9.1,0.0,7.52,6.25,7.175,6.8,6.8,,-1.0,1.0,-1.0,1.0,0,
RA-806,0.0,9.0,Masculino,2022,Pública,7.2937,5.0,7.8,8.3,8.5,6.27,6.875,7.095,7.8,7.7,,-1.0,1.0,-1.0,1.0,0,
RA-807,0.0,9.0,Masculino,2022,Pública,7.8632,5.0,8.0,9.1,9.5,7.52,6.25,8.08,8.3,7.7,,-1.0,1.0,0.0,0.0,0,
RA-963,0.0,9.0,Feminino,2023,Pública,8.6142,5.0,8.5,9.8,9.5,7.52,7.5,10.01,8.3,8.7,,-1.0,1.0,0.0,0.0,0,
RA-964,0.0,9.0,Masculino,2023,Pública,7.7997,5.0,7.2,9.4,8.5,7.52,6.875,8.5,7.3,7.0,,-1.0,1.0,-1.0,1.0,0,
RA-965,0.0,9.0,Feminino,2023,Pública,6.4832,5.0,4.7,8.2,8.5,6.27,5.0,7.18,5.3,4.0,,-1.0,1.0,-2.0,1.0,0,
RA-966,0.0,9.0,Masculino,2023,Pública,7.44345,5.0,5.0,10.0,10.0,7.52,6.5625,7.675,5.0,5.0,,-1.0,1.0,-2.0,1.0,0,
RA-967,0.0,10.0,Masculino,2023,Pública,7.1347,5.0,6.5,8.0,9.5,7.52,5.625,7.35,6.5,6.5,,-2.0,1.0,-1.0,1.0,0,
RA-968,0.0,9.0,Feminino,2023,Pública,8.4942,5.0,8.3,9.7,9.0,7.52,7.5,10.01,8.0,8.5,,-1.0,1.0,-1.0,1.0,0,
RA-969,0.0,8.0,Masculino,2023,Pública,7.7692,10.0,5.5,9.7,8.5,7.52,6.25,7.51,6.0,5.0,,0.0,0.0,-1.0,1.0,1,1.0
RA-971,0.0,8.0,Masculino,2023,Pública,7.0169,10.0,6.9,6.4,7.8,3.77,5.625,8.17,5.5,8.3,,0.0,0.0,-1.0,1.0,1,1.0
RA-972,0.0,8.0,Masculino,2023,Pública,7.5427,10.0,6.0,9.1,9.0,3.77,6.875,7.84,6.2,5.7,,0.0,0.0,-1.0,1.0,1,1.0
RA-973,0.0,9.0,Masculino,2023,Pública,5.82875,5.0,5.2,8.6,0.0,3.77,7.1875,7.415,6.2,4.1,,-1.0,1.0,-2.0,1.0,0,
RA-974,0.0,7.0,Masculino,2023,Pública,8.4752,10.0,8.8,9.1,9.0,3.77,7.5,9.34,8.8,8.8,,0.0,0.0,-1.0,1.0,1,1.0
RA-975,0.0,7.0,Feminino,2023,Pública,7.7803,10.0,6.5,9.2,7.9,7.52,5.625,7.67,7.2,5.8,,0.0,0.0,-1.0,1.0,1,1.0
RA-977,0.0,7.0,Feminino,2023,Pública,7.1717,10.0,5.8,7.4,8.5,5.02,5.625,8.085,5.7,5.9,,0.0,0.0,-1.0,1.0,1,1.0
RA-978,0.0,7.0,Feminino,2023,Pública,8.3877,10.0,8.6,9.8,9.0,3.77,5.625,9.34,8.7,8.5,,0.0,0.0,-1.0,1.0,1,1.0
RA-979,0.0,8.0,Masculino,2023,Pública,8.1617,10.0,6.0,9.6,9.5,6.27,5.625,9.51,6.0,6.0,,0.0,0.0,-1.0,1.0,1,1.0
RA-980,0.0,8.0,Feminino,2023,Pública,7.1425,10.0,6.3,9.8,0.0,5.02,5.625,9.34,6.5,6.0,,0.0,0.0,0.0,0.0,1,0.0
RA-808,0.0,9.0,Masculino,2022,Pública,8.1932,5.0,8.7,10.0,10.0,2.52,7.5,9.755,8.7,8.7,,-1.0,1.0,0.0,0.0,0,
RA-981,0.0,7.0,Feminino,2023,Pública,7.5367,10.0,5.8,9.1,9.5,2.52,5.625,9.01,5.7,5.8,,0.0,0.0,-1.0,1.0,1,1.0
RA-982,0.0,7.0,Masculino,2023,Pública,7.1215,10.0,8.6,9.1,0.0,2.52,5.625,8.835,8.7,8.5,,0.0,0.0,0.0,0.0,1,0.0
RA-984,0.0,8.0,Feminino,2023,Pública,8.8177,10.0,8.3,9.8,8.0,7.52,6.875,9.84,8.3,8.2,,0.0,0.0,0.0,0.0,1,0.0
RA-985,0.0,8.0,Masculino,2023,Pública,7.6247,10.0,6.8,9.3,9.0,2.52,5.625,8.5,7.3,6.2,,0.0,0.0,0.0,0.0,1,0.0
RA-986,0.0,8.0,Feminino,2023,Pública,8.0107,10.0,8.3,9.1,9.5,2.52,5.625,8.83,8.3,8.3,,0.0,0.0,0.0,0.0,1,0.0
RA-987,0.0,8.0,Masculino,2023,Pública,7.6765,10.0,7.3,9.8,0.0,6.27,6.875,9.76,7.5,7.0,,0.0,0.0,0.0,0.0,1,0.0
RA-988,0.0,9.0,Feminino,2023,Pública,7.9568,5.0,8.5,8.1,7.9,7.52,6.25,9.84,8.5,8.5,,-1.0,1.0,-1.0,1.0,0,
RA-989,0.0,9.0,Masculino,2023,Pública,7.7242,5.0,8.3,8.1,9.5,2.52,7.5,10.01,8.7,7.8,,-1.0,1.0,0.0,0.0,0,
RA-990,0.0,9.0,Masculino,2023,Pública,7.254,5.0,7.8,8.5,0.0,7.52,7.5,10.01,8.3,7.2,,-1.0,1.0,-1.0,1.0,0,
RA-991,0.0,9.0,Feminino,2023,Pública,7.7687,5.0,7.7,9.1,10.0,3.14,6.875,9.585,8.0,7.3,,-1.0,1.0,-1.0,1.0,0,
RA-994,0.0,8.0,Feminino,2023,Pública,7.4127,10.0,6.0,9.4,9.5,3.77,5.625,7.265,6.2,5.7,,0.0,0.0,-1.0,1.0,1,1.0
RA-995,0.0,11.0,Feminino,2023,Pública,6.4782,5.0,5.1,7.9,9.5,3.77,6.25,7.18,5.3,4.8,,-2.0,1.0,-2.0,1.0,0,
RA-750,0.0,11.0,Masculino,2019,Pública,5.6857,5.0,3.4,7.7,9.5,3.14,4.375,6.32,3.3,3.5,,-2.0,1.0,-2.0,1.0,0,
RA-770,0.0,8.0,Masculino,2022,Pública,6.6785,10.0,5.9,8.3,0.0,3.77,6.875,8.92,6.0,5.7,,0.0,0.0,-1.0,1.0,1,1.0
RA-771,0.0,7.0,Feminino,2022,Pública,7.056,10.0,8.2,8.8,0.0,3.14,6.25,8.585,8.2,8.2,,0.0,0.0,-1.0,1.0,1,1.0
RA-1000,0.0,8.0,Feminino,2023,Pública,7.9162,10.0,7.0,9.4,8.5,3.77,6.25,8.92,7.0,7.0,,0.0,0.0,0.0,0.0,1,0.0
RA-830,0.0,9.0,Feminino,2022,Pública,6.78,5.0,8.3,8.9,0.0,3.14,6.25,9.505,8.3,8.3,,-1.0,1.0,-1.0,1.0,0,
RA-1001,0.0,9.0,Feminino,2023,Pública,8.1162,5.0,7.8,9.1,9.0,7.52,7.5,9.17,8.3,7.3,,-1.0,1.0,-1.0,1.0,0,
RA-1002,0.0,9.0,Feminino,2023,Pública,7.9012,5.0,7.0,9.7,9.0,7.52,6.25,8.92,7.0,7.0,,-1.0,1.0,-1.0,1.0,0,
RA-1003,0.0,8.0,Masculino,2023,Pública,7.6522,10.0,4.0,8.5,9.0,7.52,7.5,8.75,8.0,0.0,,0.0,0.0,-1.0,1.0,1,1.0
RA-1004,0.0,8.0,Feminino,2023,Pública,8.3137,10.0,7.9,9.6,9.0,7.52,6.875,7.42,6.5,9.2,,0.0,0.0,-1.0,1.0,1,1.0
RA-1006,0.0,8.0,Feminino,2023,Pública,8.5922,10.0,8.7,9.3,9.0,7.52,7.5,8.0,8.7,8.6,,0.0,0.0,-1.0,1.0,1,1.0
RA-705,0.0,10.0,Masculino,2022,Pública,6.982,5.0,8.8,8.3,0.0,6.89,7.5,8.165,8.9,8.6,,-2.0,1.0,-1.0,1.0,0,
RA-1008,0.0,8.0,Masculino,2023,Pública,8.13595,10.0,8.4,8.6,9.0,7.52,5.9375,7.5,7.5,9.2,,0.0,0.0,-1.0,1.0,1,1.0
RA-729,0.0,9.0,Feminino,2022,Pública,7.26545,5.0,8.6,9.1,8.0,3.77,6.5625,7.01,8.2,8.9,,-1.0,1.0,-1.0,1.0,0,
RA-1009,0.0,8.0,Masculino,2023,Pública,7.245,10.0,8.8,9.0,0.0,3.77,7.5,7.84,8.3,9.2,,0.0,0.0,-1.0,1.0,1,1.0
RA-1012,0.0,8.0,Feminino,2023,Pública,7.96495,10.0,6.6,9.9,10.0,3.77,7.1875,7.845,7.0,6.2,,0.0,0.0,-1.0,1.0,1,1.0
RA-1013,0.0,7.0,Masculino,2023,Pública,7.6237,10.0,8.3,9.6,9.0,4.39,5.625,5.76,7.0,9.5,,0.0,0.0,-1.0,1.0,1,1.0
RA-1014,0.0,7.0,Feminino,2023,Pública,8.2582,10.0,8.2,9.7,9.0,3.77,7.5,8.255,7.7,8.7,,0.0,0.0,-1.0,1.0,1,1.0
RA-1015,1.0,10.0,Feminino,2023,Pública,7.538908333,5.0,6.3,9.3,10.0,6.27,7.34375,7.786666667,5.0,7.6,,-1.0,1.0,0.0,0.0,0,
RA-687,1.0,10.0,Masculino,2022,Pública,7.617533333,5.0,6.9,9.0,8.0,7.52,7.5,8.226666667,6.7,7.0,,-1.0,1.0,0.0,0.0,0,
RA-1017,1.0,11.0,Masculino,2023,Pública,6.505333333,5.0,7.7,8.0,0.0,5.02,7.5,8.116666667,7.0,8.3,,-1.0,1.0,0.0,0.0,0,
RA-688,1.0,10.0,Masculino,2022,Pública,8.0442,5.0,8.6,9.3,8.5,7.52,7.5,8.06,8.2,9.0,,-1.0,1.0,0.0,0.0,0,
RA-1018,1.0,9.0,Masculino,2023,Pública,6.824,10.0,6.3,8.5,0.0,5.02,7.5,8.06,5.8,6.8,,0.0,0.0,-1.0,1.0,1,1.0
RA-696,1.0,9.0,Feminino,2021,Pública,7.172666667,10.0,6.7,9.4,0.0,5.02,7.5,8.503333333,5.2,8.2,,0.0,0.0,0.0,0.0,1,0.0
RA-1019,1.0,8.0,Feminino,2023,Pública,7.177033333,10.0,4.3,9.1,7.5,5.02,6.875,7.836666667,0.5,8.0,,1.0,0.0,0.0,0.0,1,0.0
RA-514,1.0,10.0,Feminino,2022,Pública,5.823133333,5.0,5.5,7.5,7.9,2.52,5.0,5.896666667,4.2,6.8,,-1.0,1.0,0.0,0.0,0,
RA-1020,1.0,9.0,Feminino,2023,Pública,7.612283333,10.0,6.1,9.1,10.0,2.52,7.1875,8.056666667,4.3,7.8,,0.0,0.0,0.0,0.0,1,0.0
RA-1021,1.0,9.0,Masculino,2023,Pública,6.964616667,10.0,3.3,9.2,8.0,3.77,7.1875,7.893333333,2.5,4.0,,0.0,0.0,-1.0,1.0,1,1.0
RA-1022,1.0,9.0,Masculino,2023,Pública,7.164616667,10.0,4.7,8.5,8.5,3.77,7.1875,7.893333333,4.7,4.7,,0.0,0.0,-1.0,1.0,1,1.0
RA-1023,1.0,9.0,Feminino,2023,Pública,9.1342,10.0,9.1,10.0,10.0,6.27,8.75,9.06,8.5,9.7,,0.0,0.0,0.0,0.0,1,0.0
RA-699,1.0,10.0,Masculino,2022,Pública,6.389991667,5.0,6.0,8.3,8.5,3.77,5.78125,6.173333333,5.7,6.2,,-1.0,1.0,-1.0,1.0,0,
RA-480,1.0,11.0,Feminino,2021,Pública,8.226408333,5.0,7.9,9.7,10.0,7.52,7.96875,8.336666667,7.2,8.5,,-1.0,1.0,0.0,0.0,0,
RA-1024,1.0,10.0,Feminino,2023,Pública,7.788875,5.0,9.8,10.0,0.0,6.27,9.21875,8.95,10.0,9.5,,-1.0,1.0,-1.0,1.0,0,
RA-502,1.0,9.0,Feminino,2021,Privada - Programa de Apadrinhamento,8.749075,10.0,8.0,9.8,8.5,7.52,7.96875,8.95,6.7,9.3,,0.0,0.0,0.0,0.0,1,0.0
RA-1025,1.0,9.0,Masculino,2023,Pública,8.215158333,10.0,7.5,8.9,8.5,7.52,7.65625,7.836666667,7.5,7.5,,0.0,0.0,-1.0,1.0,1,1.0
RA-680,1.0,11.0,Feminino,2019,Pública,6.5855,5.0,6.4,9.1,0.0,7.52,6.875,7.78,5.2,7.5,,-1.0,1.0,-1.0,1.0,0,
RA-698,1.0,9.0,Masculino,2021,Pública,7.553616667,10.0,5.7,9.9,8.5,2.52,7.1875,8.113333333,4.3,7.0,,0.0,0.0,0.0,0.0,1,0.0
RA-1027,1.0,10.0,Feminino,2023,Pública,7.748866667,5.0,6.0,9.7,9.5,7.52,7.5,8.333333333,4.2,7.7,,-1.0,1.0,0.0,0.0,0,
RA-529,1.0,13.0,Masculino,2020,Pública,7.278991667,5.0,6.8,9.6,8.0,7.52,5.78125,6.893333333,4.8,8.7,,-2.0,1.0,-1.0,1.0,0,
RA-1028,1.0,11.0,Masculino,2023,Pública,6.415708333,5.0,5.0,9.2,0.0,7.52,7.34375,7.946666667,5.0,5.0,,-1.0,1.0,-2.0,1.0,0,
RA-686,1.0,10.0,Feminino,2022,Pública,7.9642,5.0,8.0,9.0,8.5,7.52,7.5,8.56,7.3,8.7,,-1.0,1.0,0.0,0.0,0,
RA-1029,1.0,9.0,Feminino,2023,Pública,7.058533333,10.0,5.4,6.3,10.0,3.77,7.5,8.006666667,3.5,7.2,,0.0,0.0,-1.0,1.0,1,1.0
RA-1030,1.0,11.0,Masculino,2023,Pública,7.4027,5.0,6.9,9.7,8.5,3.77,6.875,8.39,6.2,7.5,,-1.0,1.0,0.0,0.0,0,
RA-522,1.0,10.0,Masculino,2021,Pública,7.890533333,5.0,8.3,9.2,7.5,7.52,7.083333333,8.45,8.3,8.2,,-1.0,1.0,0.0,0.0,0,
RA-501,1.0,10.0,Masculino,2021,Pública,8.1357,5.0,8.9,8.4,7.0,7.52,8.541666667,9.396666667,9.2,8.5,,-1.0,1.0,0.0,0.0,0,
RA-527,1.0,10.0,Feminino,2022,Pública,7.5682,5.0,6.5,9.1,9.0,7.52,7.5,7.78,5.7,7.2,,-1.0,1.0,0.0,0.0,0,
RA-1031,1.0,10.0,Masculino,2023,Pública,7.0602,5.0,5.9,8.8,8.0,7.52,6.666666667,7.006666667,4.8,7.0,,-1.0,1.0,-1.0,1.0,0,
RA-1032,1.0,10.0,Masculino,2023,Pública,7.434033333,5.0,6.0,9.5,8.5,7.52,7.291666667,7.563333333,5.7,6.2,,-1.0,1.0,-1.0,1.0,0,
RA-1034,1.0,10.0,Masculino,2023,Pública,7.9642,5.0,8.3,9.0,7.5,7.52,8.333333333,8.393333333,7.8,8.7,,-1.0,1.0,0.0,0.0,0,
RA-1035,1.0,9.0,Masculino,2023,Pública,6.888833333,10.0,5.8,8.3,0.0,7.52,7.708333333,7.78,4.0,7.5,,0.0,0.0,-1.0,1.0,1,1.0
RA-730,1.0,10.0,Feminino,2021,Privada,7.979325,5.0,7.8,8.7,10.0,5.02,9.53125,8.67,7.8,7.7,,-1.0,1.0,0.0,0.0,0,
RA-855,1.0,9.0,Feminino,2022,Pública,8.62995,10.0,6.8,10.0,9.5,7.52,8.4375,8.67,5.2,8.3,,0.0,0.0,0.0,0.0,1,0.0
RA-820,1.0,10.0,Masculino,2022,Pública,7.85605,5.0,8.9,7.4,7.9,7.52,9.0625,8.28,9.2,8.5,,-1.0,1.0,0.0,0.0,0,
RA-738,1.0,9.0,Feminino,2022,Pública,8.123283333,10.0,6.0,9.3,8.0,7.52,8.4375,8.336666667,4.2,7.8,,0.0,0.0,-1.0,1.0,1,1.0
RA-1036,1.0,11.0,Feminino,2023,Pública,6.970583333,5.0,8.0,9.6,0.0,3.77,9.0625,8.336666667,9.0,7.0,,-1.0,1.0,0.0,0.0,0,
RA-576,1.0,11.0,Feminino,2022,Pública,7.984741667,5.0,8.0,9.3,9.0,5.02,9.21875,8.503333333,6.5,9.5,,-1.0,1.0,0.0,0.0,0,
RA-1038,1.0,10.0,Feminino,2023,Privada,7.736825,5.0,6.5,9.3,8.0,7.52,8.90625,8.17,7.5,5.5,,-1.0,1.0,0.0,0.0,0,
RA-1039,1.0,12.0,Masculino,2023,Pública,7.686033333,5.0,6.2,9.9,8.0,7.52,8.125,8.056666667,6.0,6.3,,-2.0,1.0,-1.0,1.0,0,
RA-1040,1.0,11.0,Masculino,2023,Pública,7.81545,5.0,6.6,9.3,10.0,7.52,7.8125,8.06,5.8,7.3,,-1.0,1.0,-1.0,1.0,0,
RA-733,1.0,9.0,Feminino,2022,Pública,8.3342,10.0,6.2,8.7,10.0,7.52,8.333333333,8.893333333,4.3,8.0,,0.0,0.0,-1.0,1.0,1,1.0
RA-837,1.0,9.0,Masculino,2022,Pública,8.2712,10.0,7.0,9.3,9.0,7.52,7.916666667,7.836666667,6.3,7.7,,0.0,0.0,0.0,0.0,1,0.0
RA-521,1.0,10.0,Masculino,2022,Pública,6.768666667,5.0,7.9,9.9,0.0,3.77,7.083333333,8.166666667,7.0,8.7,,-1.0,1.0,0.0,0.0,0,
RA-713,1.0,10.0,Masculino,2021,Pública,7.408033333,5.0,7.5,9.6,8.0,3.77,6.875,8.166666667,6.7,8.2,,-1.0,1.0,0.0,0.0,0,
RA-1043,1.0,10.0,Masculino,2023,Pública,6.5447,5.0,2.5,7.9,10.0,6.27,7.708333333,7.833333333,2.0,3.0,,-1.0,1.0,-1.0,1.0,0,
RA-716,1.0,10.0,Masculino,2022,Pública,6.813366667,5.0,5.6,8.7,9.0,3.77,6.875,7.443333333,5.0,6.2,,-1.0,1.0,-1.0,1.0,0,
RA-1044,1.0,10.0,Feminino,2023,Pública,7.629533333,5.0,6.1,9.7,8.0,7.52,7.5,8.336666667,4.5,7.7,,-1.0,1.0,0.0,0.0,0,
RA-745,1.0,10.0,Masculino,2021,Privada - Programa de Apadrinhamento,7.668366667,5.0,7.0,9.3,9.5,3.77,8.125,8.893333333,5.7,8.2,,-1.0,1.0,0.0,0.0,0,
RA-718,1.0,9.0,Feminino,2022,Pública,8.166866667,10.0,7.8,9.1,9.5,3.77,7.916666667,8.39,6.3,9.2,,0.0,0.0,1.0,0.0,1,0.0
RA-721,1.0,9.0,Feminino,2021,Pública,8.683366667,10.0,8.4,9.5,8.5,7.52,8.125,8.443333333,7.5,9.3,,0.0,0.0,0.0,0.0,1,0.0
RA-746,1.0,9.0,Masculino,2022,Pública,6.517166667,10.0,7.2,8.0,0.0,3.77,6.875,7.113333333,6.0,8.3,,0.0,0.0,0.0,0.0,1,0.0
RA-483,1.0,12.0,Feminino,2019,Pública,6.3972,5.0,5.6,6.0,9.0,2.52,7.916666667,8.166666667,5.0,6.2,,-2.0,1.0,-1.0,1.0,0,
RA-570,1.0,11.0,Feminino,2019,Pública,6.781033333,5.0,5.9,7.3,8.5,3.77,8.125,8.056666667,5.7,6.0,,-1.0,1.0,-1.0,1.0,0,
RA-1048,1.0,10.0,Feminino,2023,Privada,7.811366667,5.0,8.2,9.5,8.5,3.77,8.541666667,8.5,7.5,8.8,,-1.0,1.0,1.0,0.0,0,
RA-1049,1.0,10.0,Masculino,2023,Pública,7.443366667,5.0,6.3,7.7,10.0,7.52,8.125,7.943333333,5.5,7.0,,-1.0,1.0,-1.0,1.0,0,
RA-707,1.0,11.0,Feminino,2020,Pública,6.518,5.0,6.5,9.8,0.0,3.77,7.916666667,7.946666667,5.5,7.5,,-1.0,1.0,-1.0,1.0,0,
RA-1052,1.0,9.0,Masculino,2023,Pública,6.960333333,10.0,5.3,9.0,0.0,7.52,7.916666667,7.833333333,5.0,5.5,,0.0,0.0,-1.0,1.0,1,1.0
RA-580,1.0,11.0,Feminino,2020,Pública,8.4712,5.0,9.0,9.8,8.5,7.52,8.75,8.67,8.7,9.3,,-1.0,1.0,-1.0,1.0,0,
RA-581,1.0,11.0,Masculino,2019,Pública,7.7167,5.0,7.9,9.8,8.0,7.52,6.458333333,7.393333333,7.0,8.8,,-1.0,1.0,-1.0,1.0,0,
RA-735,1.0,11.0,Feminino,2021,Pública,7.184,5.0,8.1,9.0,0.0,7.52,8.333333333,8.393333333,7.7,8.5,,-1.0,1.0,-1.0,1.0,0,
RA-710,1.0,11.0,Masculino,2020,Pública,7.0582,5.0,6.5,9.0,9.5,3.77,7.083333333,7.113333333,5.7,7.3,,-1.0,1.0,-1.0,1.0,0,
RA-712,1.0,12.0,Masculino,2019,Pública,6.331533333,5.0,6.7,5.6,9.5,3.14,7.5,6.836666667,5.5,7.8,,-2.0,1.0,-1.0,1.0,0,
RA-549,1.0,11.0,Masculino,2021,Pública,7.0297,5.0,6.4,8.1,9.5,5.02,6.875,7.5,5.5,7.2,,-1.0,1.0,-1.0,1.0,0,
RA-571,1.0,12.0,Feminino,2019,Privada,6.6097,5.0,5.0,7.9,9.0,3.77,7.291666667,7.616666667,3.8,6.2,,-2.0,1.0,-1.0,1.0,0,
RA-714,1.0,12.0,Masculino,2019,Pública,6.078666667,5.0,7.4,8.0,0.0,3.14,7.5,7.223333333,6.7,8.0,,-2.0,1.0,-1.0,1.0,0,
RA-737,1.0,9.0,Feminino,2022,Pública,8.048033333,10.0,7.5,7.8,9.5,7.52,7.291666667,7.783333333,7.0,8.0,,0.0,0.0,0.0,0.0,1,0.0
RA-577,1.0,11.0,Feminino,2022,Pública,7.219366667,5.0,7.4,8.2,10.0,3.77,6.875,7.673333333,6.5,8.3,,-1.0,1.0,-1.0,1.0,0,
RA-731,1.0,11.0,Feminino,2019,Pública,6.7742,5.0,6.8,7.6,8.5,3.14,7.5,7.45,6.2,7.3,,-1.0,1.0,-1.0,1.0,0,
RA-1054,1.0,12.0,Masculino,2023,Pública,7.459533333,5.0,6.6,8.6,8.5,7.52,7.5,7.836666667,5.0,8.2,,-2.0,1.0,-1.0,1.0,0,
RA-1055,1.0,11.0,Masculino,2023,Pública,5.9765,5.0,5.5,7.2,0.0,7.52,7.291666667,7.276666667,6.0,5.0,,-1.0,1.0,-2.0,1.0,0,
RA-597,1.0,10.0,Masculino,2022,Pública,8.49045,5.0,8.5,9.6,10.0,7.52,9.0625,8.56,7.8,9.2,,-1.0,1.0,0.0,0.0,0,
RA-624,1.0,11.0,Masculino,2022,Pública,8.270825,5.0,8.6,9.2,9.0,7.52,8.90625,8.39,8.3,8.8,,-1.0,1.0,0.0,0.0,0,
RA-776,1.0,10.0,Feminino,2022,Privada - Programa de Apadrinhamento,5.567916667,5.0,3.5,7.0,0.0,7.52,7.8125,7.223333333,4.2,2.7,,-1.0,1.0,-1.0,1.0,0,
RA-600,1.0,10.0,Feminino,2021,Pública,7.651658333,5.0,7.2,8.4,8.5,7.52,8.28125,8.056666667,6.5,7.8,,-1.0,1.0,0.0,0.0,0,
RA-1056,1.0,9.0,Masculino,2023,Pública,8.551741667,10.0,8.1,9.6,8.5,7.52,7.96875,8.113333333,7.8,8.3,,0.0,0.0,-1.0,1.0,1,1.0
RA-601,1.0,9.0,Masculino,2021,Pública,8.955783333,10.0,8.7,10.0,9.0,7.52,9.0625,8.336666667,8.0,9.3,,0.0,0.0,-1.0,1.0,1,1.0
RA-762,1.0,13.0,Masculino,2022,Pública,7.09945,5.0,5.8,9.1,10.0,3.14,7.8125,7.67,6.2,5.3,,-2.0,1.0,-2.0,1.0,0,
RA-778,1.0,10.0,Feminino,2021,Pública,7.926825,5.0,8.2,7.9,8.5,7.52,8.90625,8.62,7.3,9.0,,-1.0,1.0,0.0,0.0,0,
RA-628,1.0,12.0,Masculino,2022,Pública,8.370325,5.0,9.4,8.9,9.5,7.52,8.28125,8.45,9.0,9.7,,-2.0,1.0,-1.0,1.0,0,
RA-606,1.0,10.0,Masculino,2022,Pública,7.402491667,5.0,6.0,8.5,8.5,7.52,7.65625,8.223333333,4.7,7.2,,-1.0,1.0,0.0,0.0,0,
RA-607,1.0,11.0,Masculino,2022,Pública,7.333075,5.0,6.8,7.5,8.0,7.52,7.96875,8.17,4.8,8.7,,-1.0,1.0,0.0,0.0,0,
RA-608,1.0,10.0,Masculino,2022,Pública,7.401741667,5.0,6.2,7.5,10.0,7.52,7.96875,8.113333333,6.0,6.3,,-1.0,1.0,0.0,0.0,0,
RA-788,1.0,9.0,Masculino,2021,Pública,7.806091667,10.0,6.9,9.8,7.9,2.52,7.65625,8.283333333,6.0,7.8,,0.0,0.0,0.0,0.0,1,0.0
RA-784,1.0,10.0,Feminino,2022,Pública,8.171366667,5.0,7.3,9.5,10.0,7.52,8.125,8.783333333,6.5,8.0,,-1.0,1.0,0.0,0.0,0,
RA-785,1.0,10.0,Feminino,2022,Pública,8.137866667,5.0,8.8,8.5,9.0,7.52,7.916666667,8.67,8.2,9.4,,-1.0,1.0,0.0,0.0,0,
RA-587,1.0,11.0,Masculino,2022,Pública,6.032033333,5.0,2.7,7.0,8.5,7.52,6.458333333,6.72,2.2,3.2,,-1.0,1.0,-2.0,1.0,0,
RA-790,1.0,12.0,Masculino,2022,Pública,6.707666667,5.0,7.4,8.1,0.0,7.52,7.083333333,8.286666667,7.2,7.5,,-2.0,1.0,-1.0,1.0,0,
RA-663,1.0,11.0,Masculino,2022,Pública,6.969133333,5.0,7.0,7.4,6.9,7.52,6.666666667,7.393333333,6.7,7.3,,-1.0,1.0,-1.0,1.0,0,
RA-664,1.0,11.0,Feminino,2022,Pública,8.0872,5.0,8.0,9.6,9.0,7.52,7.916666667,8.116666667,8.0,8.0,,-1.0,1.0,0.0,0.0,0,
RA-761,1.0,10.0,Masculino,2022,Pública,8.219533333,5.0,8.4,9.7,9.0,7.52,8.333333333,8.12,8.7,8.0,,-1.0,1.0,0.0,0.0,0,
RA-1057,1.0,9.0,Feminino,2023,Pública,8.4827,10.0,6.3,10.0,10.0,7.52,8.125,8.34,6.5,6.0,,0.0,0.0,-1.0,1.0,1,1.0
RA-629,1.0,10.0,Feminino,2022,Pública,8.013866667,5.0,7.5,9.4,10.0,7.52,7.916666667,7.95,7.0,8.0,,-1.0,1.0,0.0,0.0,0,
RA-832,1.0,10.0,Masculino,2022,Pública,8.2697,5.0,8.5,9.5,10.0,7.52,7.708333333,8.283333333,9.2,7.7,,-1.0,1.0,0.0,0.0,0,
RA-594,1.0,11.0,Masculino,2022,Pública,6.702033333,5.0,5.8,7.1,8.5,6.27,6.875,7.336666667,6.2,5.3,,-1.0,1.0,0.0,0.0,0,
RA-767,1.0,11.0,Masculino,2021,Pública,7.3807,5.0,6.3,8.3,10.0,7.52,7.291666667,7.446666667,6.5,6.0,,-1.0,1.0,-2.0,1.0,0,
RA-1058,1.0,9.0,Feminino,2023,Pública,7.356533333,10.0,5.4,8.7,10.0,3.14,7.083333333,7.62,4.0,6.7,,0.0,0.0,-1.0,1.0,1,1.0
RA-747,1.0,11.0,Feminino,2022,Pública,6.026366667,5.0,3.1,8.0,10.0,3.14,6.041666667,6.94,1.2,5.0,,-1.0,1.0,-2.0,1.0,0,
RA-827,1.0,11.0,Feminino,2022,Pública,7.419925,5.0,8.1,8.1,7.9,3.14,8.28125,8.73,7.7,8.5,,-1.0,1.0,0.0,0.0,0,
RA-1059,1.0,10.0,Masculino,2023,Pública,7.763741667,5.0,7.6,9.8,10.0,2.52,7.96875,8.673333333,6.2,9.0,,-1.0,1.0,0.0,0.0,0,
RA-612,1.0,11.0,Feminino,2021,Privada - Programa de Apadrinhamento,8.410783333,5.0,9.7,9.7,9.0,3.77,9.0625,9.286666667,9.3,10.0,,-1.0,1.0,0.0,0.0,0,
RA-1060,1.0,10.0,Masculino,2023,Pública,7.095741667,5.0,5.7,8.6,9.0,3.14,7.96875,8.673333333,4.3,7.0,,-1.0,1.0,0.0,0.0,0,
RA-665,1.0,11.0,Feminino,2022,Pública,6.185658333,5.0,5.2,4.9,9.5,2.52,8.28125,8.226666667,5.0,5.3,,-1.0,1.0,-1.0,1.0,0,
RA-829,1.0,9.0,Feminino,2022,Pública,8.532075,10.0,8.4,9.4,9.0,3.14,9.21875,9.23,7.5,9.2,,0.0,0.0,1.0,0.0,1,0.0
RA-1061,1.0,10.0,Masculino,2023,Pública,8.196533333,5.0,9.3,9.7,9.5,3.14,8.75,8.836666667,8.8,9.7,,-1.0,1.0,0.0,0.0,0,
RA-1062,1.0,9.0,Masculino,2023,Pública,7.448841667,10.0,6.2,7.7,7.4,3.77,8.59375,8.503333333,4.8,7.5,,0.0,0.0,-1.0,1.0,1,1.0
RA-833,1.0,10.0,Masculino,2022,Pública,7.81295,5.0,7.4,9.5,10.0,3.77,8.4375,8.56,7.3,7.5,,-1.0,1.0,0.0,0.0,0,
RA-630,1.0,10.0,Masculino,2022,Pública,7.199991667,5.0,5.7,8.6,9.0,3.77,8.28125,8.673333333,4.2,7.2,,-1.0,1.0,0.0,0.0,0,
RA-752,1.0,11.0,Feminino,2022,Pública,8.073825,5.0,6.4,9.9,9.5,7.52,7.65625,9.23,4.8,8.0,,-1.0,1.0,-1.0,1.0,0,
RA-777,1.0,9.0,Feminino,2022,Pública,7.468125,10.0,6.3,9.3,0.0,7.52,8.28125,8.84,5.3,7.3,,0.0,0.0,0.0,0.0,1,0.0
RA-1063,1.0,11.0,Masculino,2023,Privada - Programa de Apadrinhamento,7.490825,5.0,5.9,9.5,9.5,7.52,6.40625,7.89,4.7,7.0,,-1.0,1.0,-1.0,1.0,0,
RA-764,1.0,9.0,Masculino,2022,Pública,7.682125,10.0,7.8,9.2,0.0,7.52,8.28125,8.56,6.0,9.5,,0.0,0.0,0.0,0.0,1,0.0
RA-1064,1.0,10.0,Masculino,2023,Pública,8.4777,5.0,8.6,9.8,8.5,7.52,9.375,8.84,8.3,8.8,,-1.0,1.0,0.0,0.0,0,
RA-1065,1.0,10.0,Feminino,2023,Pública,8.03395,5.0,7.0,9.6,8.5,7.52,8.4375,8.84,7.7,6.3,,-1.0,1.0,0.0,0.0,0,
RA-781,1.0,10.0,Feminino,2021,Pública,8.209283333,5.0,7.9,9.8,7.5,7.52,8.4375,9.116666667,7.0,8.8,,-1.0,1.0,0.0,0.0,0,
RA-1066,1.0,10.0,Feminino,2023,Pública,7.262616667,5.0,6.2,6.6,8.5,7.52,8.4375,8.783333333,4.2,8.2,,-1.0,1.0,0.0,0.0,0,
RA-1067,1.0,10.0,Masculino,2023,Pública,6.541458333,5.0,5.4,7.9,0.0,7.52,8.28125,9.006666667,4.5,6.3,,-1.0,1.0,-1.0,1.0,0,
RA-834,1.0,10.0,Masculino,2022,Pública,8.662616667,5.0,9.2,9.9,9.0,6.27,9.6875,9.283333333,9.0,9.3,,-1.0,1.0,0.0,0.0,0,
RA-1068,1.0,10.0,Masculino,2023,Pública,8.472533333,5.0,9.0,9.3,8.5,6.89,9.166666667,9.283333333,8.3,9.7,,-1.0,1.0,0.0,0.0,0,
RA-796,1.0,11.0,Feminino,2022,Pública,7.462866667,5.0,5.5,9.8,9.0,6.27,7.083333333,8.336666667,5.0,6.0,,-1.0,1.0,-1.0,1.0,0,
RA-1069,1.0,11.0,Masculino,2023,Pública,7.590033333,5.0,7.1,7.8,9.0,7.52,8.125,8.226666667,7.5,6.7,,-1.0,1.0,0.0,0.0,0,
RA-797,1.0,11.0,Masculino,2021,Pública,7.373033333,5.0,7.5,8.6,8.5,7.52,6.041666667,7.233333333,7.0,8.0,,-1.0,1.0,-1.0,1.0,0,
RA-814,1.0,10.0,Masculino,2022,Pública,8.367866667,5.0,8.2,9.6,9.5,6.89,8.333333333,9.226666667,7.8,8.5,,-1.0,1.0,0.0,0.0,0,
RA-652,1.0,10.0,Feminino,2022,Pública,7.871033333,5.0,7.0,9.4,9.0,6.89,8.125,8.446666667,6.2,7.8,,-1.0,1.0,0.0,0.0,0,
RA-816,1.0,10.0,Feminino,2022,Pública,8.5572,5.0,8.9,9.8,7.5,7.52,9.583333333,9.283333333,7.8,10.0,,-1.0,1.0,0.0,0.0,0,
RA-810,1.0,9.0,Masculino,2021,Pública,7.782866667,10.0,6.9,8.5,8.0,7.52,5.833333333,7.836666667,6.3,7.5,,0.0,0.0,-1.0,1.0,1,1.0
RA-643,1.0,11.0,Masculino,2022,Pública,7.389033333,5.0,7.1,8.2,9.5,7.52,6.041666667,7.613333333,7.0,7.2,,-1.0,1.0,-1.0,1.0,0,
RA-819,1.0,9.0,Masculino,2022,Pública,7.944833333,10.0,9.5,8.3,0.0,7.52,8.541666667,8.893333333,9.7,9.3,,0.0,0.0,1.0,0.0,1,0.0
RA-1070,1.0,11.0,Masculino,2023,Pública,6.939033333,5.0,5.8,7.8,9.0,3.14,7.708333333,8.67,5.3,6.3,,-1.0,1.0,-1.0,1.0,0,
RA-636,1.0,11.0,Masculino,2022,Pública,6.836666667,5.0,9.0,8.3,0.0,5.64,8.333333333,7.446666667,9.2,8.7,,-1.0,1.0,0.0,0.0,0,
RA-798,1.0,11.0,Masculino,2022,Privada - Programa de Apadrinhamento,7.018033333,5.0,6.1,8.1,9.0,7.52,6.458333333,6.95,4.3,7.8,,-1.0,1.0,-1.0,1.0,0,
RA-799,1.0,10.0,Feminino,2022,Pública,8.061533333,5.0,8.3,9.6,9.5,5.64,8.333333333,8.17,7.8,8.8,,-1.0,1.0,0.0,0.0,0,
RA-637,1.0,11.0,Feminino,2021,Pública,8.109533333,5.0,8.5,9.5,8.0,7.52,8.333333333,8.17,8.7,8.2,,-1.0,1.0,0.0,0.0,0,
RA-638,1.0,10.0,Feminino,2020,Pública,7.754866667,5.0,6.5,9.4,9.0,7.52,8.333333333,7.946666667,6.8,6.2,,-1.0,1.0,0.0,0.0,0,
RA-801,1.0,9.0,Masculino,2022,Pública,6.8735,10.0,7.6,7.5,0.0,7.52,6.875,7.12,6.8,8.3,,0.0,0.0,-1.0,1.0,1,1.0
RA-802,1.0,10.0,Masculino,2021,Pública,8.126866667,5.0,9.4,9.3,8.0,7.52,8.333333333,7.506666667,9.3,9.5,,-1.0,1.0,0.0,0.0,0,
RA-1071,1.0,11.0,Masculino,2023,Pública,6.414033333,5.0,3.5,8.6,9.0,7.52,5.625,6.396666667,1.7,5.3,,-1.0,1.0,-1.0,1.0,0,
RA-645,1.0,11.0,Feminino,2022,Pública,7.613033333,5.0,7.3,8.5,9.0,6.27,8.125,8.116666667,6.5,8.0,,-1.0,1.0,0.0,0.0,0,
RA-479,2.0,11.0,Masculino,2020,Privada - Programa de Apadrinhamento,8.988866667,10.0,9.7,10.0,9.0,2.52,9.791666667,9.6375,9.3,10.0,,0.0,0.0,1.0,0.0,1,0.0
RA-493,2.0,10.0,Feminino,2020,Pública,7.934366667,10.0,6.0,9.6,9.5,2.52,8.541666667,8.84,4.7,7.2,,0.0,0.0,1.0,0.0,1,0.0
RA-1072,2.0,11.0,Masculino,2023,Pública,8.0152,10.0,6.7,8.6,9.0,5.0,8.125,8.7125,5.2,8.2,,0.0,0.0,0.0,0.0,1,0.0
RA-536,2.0,10.0,Feminino,2020,Pública,7.759533333,10.0,5.9,9.3,8.0,2.52,8.333333333,9.17,5.0,6.8,,0.0,0.0,1.0,0.0,1,0.0
RA-1073,2.0,12.0,Feminino,2023,Pública,6.384333333,5.0,6.2,8.8,0.0,2.52,8.333333333,9.045,4.8,7.5,,-1.0,1.0,0.0,0.0,0,
RA-494,2.0,12.0,Feminino,2022,Privada,7.116633333,5.0,6.8,9.0,6.9,2.52,7.708333333,8.71,6.3,7.3,,-1.0,1.0,0.0,0.0,0,
RA-496,2.0,12.0,Masculino,2018,Privada,6.603666667,5.0,8.3,7.1,0.0,5.0,7.916666667,8.71,7.5,9.0,,-1.0,1.0,0.0,0.0,0,
RA-497,2.0,14.0,Feminino,2016,Privada - Programa de Apadrinhamento,5.7191,5.0,3.5,8.7,5.3,2.52,6.25,6.885,1.7,5.3,,-2.0,1.0,-1.0,1.0,0,
RA-1075,2.0,12.0,Feminino,2023,Pública,6.591333333,5.0,5.5,9.6,0.0,5.0,7.708333333,9.0025,5.0,6.0,,-1.0,1.0,-1.0,1.0,0,
RA-578,2.0,11.0,Masculino,2019,Privada - Programa de Apadrinhamento,9.013866667,10.0,9.7,10.0,9.0,2.52,9.791666667,9.7625,9.8,9.5,,0.0,0.0,1.0,0.0,1,0.0
RA-513,2.0,10.0,Masculino,2021,Privada,8.297866667,10.0,7.5,9.7,9.5,2.52,8.541666667,9.0075,7.2,7.8,,0.0,0.0,1.0,0.0,1,0.0
RA-487,2.0,11.0,Feminino,2019,Privada - Programa de Apadrinhamento,8.988866667,10.0,9.5,9.9,8.5,5.0,9.166666667,9.26,9.2,9.7,,0.0,0.0,0.0,0.0,1,0.0
RA-1076,2.0,12.0,Feminino,2023,Pública,7.901033333,5.0,8.5,9.7,9.0,2.52,8.333333333,8.8775,9.0,8.0,,-1.0,1.0,0.0,0.0,0,
RA-490,2.0,11.0,Feminino,2022,Privada,7.429466667,10.0,5.8,7.9,7.9,2.52,8.541666667,9.0075,2.8,8.7,,0.0,0.0,1.0,0.0,1,0.0
RA-491,2.0,11.0,Masculino,2022,Pública,7.560533333,10.0,5.0,9.6,9.5,2.52,7.708333333,8.3375,3.3,6.7,,0.0,0.0,-1.0,1.0,1,1.0
RA-1077,2.0,11.0,Masculino,2023,Pública,7.2115,10.0,7.3,9.7,0.0,2.52,8.75,8.4225,6.8,7.8,,0.0,0.0,0.0,0.0,1,0.0
RA-484,2.0,12.0,Masculino,2022,Pública,5.515466667,5.0,3.6,7.5,6.4,2.52,5.416666667,6.8,3.2,4.0,,-1.0,1.0,0.0,0.0,0,
RA-508,2.0,10.0,Masculino,2022,Pública,7.671633333,10.0,7.5,8.6,6.4,2.52,8.333333333,8.6725,6.2,8.7,,0.0,0.0,1.0,0.0,1,0.0
RA-340,2.0,12.0,Masculino,2017,Pública,7.059666667,5.0,8.9,9.6,0.0,2.52,9.166666667,8.505,9.0,8.7,,-1.0,1.0,0.0,0.0,0,
RA-1079,2.0,12.0,Masculino,2023,Pública,6.916533333,5.0,7.6,8.1,9.0,2.52,7.083333333,7.13,7.3,7.8,,-1.0,1.0,0.0,0.0,0,
RA-1081,2.0,14.0,Feminino,2023,Pública,7.666033333,5.0,6.5,10.0,10.0,2.52,8.958333333,8.59,8.0,5.0,,-2.0,1.0,0.0,0.0,0,
RA-1082,2.0,12.0,Feminino,2023,Pública,7.1617,5.0,5.0,9.5,9.5,2.52,8.75,8.4225,3.5,6.5,,-1.0,1.0,-1.0,1.0,0,
RA-531,2.0,11.0,Masculino,2022,Pública,8.3252,10.0,7.7,10.0,9.5,2.52,8.75,8.59,6.3,9.0,,0.0,0.0,0.0,0.0,1,0.0
RA-1084,2.0,11.0,Feminino,2023,Pública,7.9948,10.0,6.8,10.0,8.4,2.52,8.75,8.38,5.0,8.5,,0.0,0.0,0.0,0.0,1,0.0
RA-516,2.0,10.0,Masculino,2019,Privada - Programa de Apadrinhamento,8.6807,10.0,9.3,9.8,10.0,2.52,8.75,8.7175,9.0,9.5,,0.0,0.0,1.0,0.0,1,0.0
RA-1087,2.0,12.0,Feminino,2023,Pública,7.2067,5.0,5.4,9.5,10.0,2.52,8.75,8.0475,3.7,7.0,,-1.0,1.0,0.0,0.0,0,
RA-509,2.0,12.0,Feminino,2018,Pública,7.606033333,5.0,8.6,8.1,8.5,2.52,8.958333333,8.84,8.2,9.0,,-1.0,1.0,0.0,0.0,0,
RA-499,2.0,11.0,Masculino,2020,Pública,7.8883,10.0,6.6,10.0,7.9,2.52,8.75,8.2975,5.3,7.8,,0.0,0.0,0.0,0.0,1,0.0
RA-500,2.0,11.0,Feminino,2020,Pública,8.427533333,10.0,7.9,10.0,9.5,2.52,8.958333333,8.7975,8.5,7.2,,0.0,0.0,0.0,0.0,1,0.0
RA-1089,2.0,11.0,Feminino,2023,Pública,7.9947,10.0,7.0,9.5,9.0,2.52,8.75,8.3375,6.0,8.0,,0.0,0.0,0.0,0.0,1,0.0
RA-1090,2.0,13.0,Masculino,2023,Pública,7.844033333,5.0,9.0,9.6,9.0,2.52,8.958333333,7.88,8.7,9.3,,-1.0,1.0,0.0,0.0,0,
RA-503,2.0,11.0,Masculino,2020,Pública,8.4682,10.0,8.7,10.0,9.5,2.52,8.75,8.255,8.7,8.7,,0.0,0.0,1.0,0.0,1,0.0
RA-1093,2.0,11.0,Masculino,2023,Pública,8.197533333,10.0,9.2,9.3,7.0,2.52,8.958333333,8.2975,9.3,9.0,,0.0,0.0,0.0,0.0,1,0.0
RA-1094,2.0,11.0,Feminino,2023,Pública,8.1779,10.0,8.5,9.5,7.8,2.52,8.75,8.3375,7.8,9.2,,0.0,0.0,0.0,0.0,1,0.0
RA-1095,2.0,13.0,Masculino,2023,Pública,6.238,5.0,5.3,9.8,0.0,2.52,8.75,8.005,5.8,4.7,,-1.0,1.0,0.0,0.0,0,
RA-517,2.0,13.0,Feminino,2017,Pública,6.3104,5.0,6.6,9.0,4.1,2.52,6.875,6.7125,4.5,8.7,,-1.0,1.0,0.0,0.0,0,
RA-325,2.0,11.0,Masculino,2022,Pública,6.243,10.0,5.6,7.1,0.0,5.0,8.125,7.0025,3.8,7.3,,0.0,0.0,0.0,0.0,1,0.0
RA-518,2.0,11.0,Masculino,2022,Pública,7.5762,10.0,6.7,8.5,8.5,5.0,8.125,6.9175,5.5,7.8,,0.0,0.0,0.0,0.0,1,0.0
RA-530,2.0,11.0,Masculino,2019,Pública,7.653033333,10.0,5.7,8.8,10.0,5.0,7.708333333,7.46,5.8,5.5,,0.0,0.0,0.0,0.0,1,0.0
RA-524,2.0,12.0,Masculino,2019,Pública,7.331133333,5.0,8.9,9.2,6.4,2.52,8.333333333,7.42,9.0,8.8,,-1.0,1.0,0.0,0.0,0,
RA-1096,2.0,10.0,Feminino,2023,Pública,8.615533333,10.0,9.6,9.9,9.5,2.52,8.958333333,8.0875,9.5,9.7,,0.0,0.0,1.0,0.0,1,0.0
RA-526,2.0,13.0,Masculino,2022,Pública,8.0957,5.0,8.8,9.8,9.5,5.0,8.75,7.7525,8.3,9.3,,-1.0,1.0,-1.0,1.0,0,
RA-528,2.0,12.0,Masculino,2021,Pública,7.6892,5.0,8.2,8.5,9.0,5.0,8.75,7.92,7.5,8.8,,-1.0,1.0,0.0,0.0,0,
RA-534,2.0,13.0,Masculino,2021,Pública,5.8385,5.0,5.4,8.1,0.0,2.52,8.125,7.92,3.7,7.0,,-1.0,1.0,0.0,0.0,0,
RA-1097,2.0,14.0,Masculino,2023,Pública,6.9547,5.0,5.4,8.6,9.5,5.0,8.125,6.96,4.3,6.5,,-2.0,1.0,-1.0,1.0,0,
RA-1098,2.0,13.0,Feminino,2023,Pública,7.2787,5.0,6.4,9.5,9.5,2.52,8.125,7.92,6.3,6.5,,-1.0,1.0,0.0,0.0,0,
RA-1099,2.0,13.0,Feminino,2023,Pública,7.113533333,5.0,5.2,9.6,9.0,2.52,8.333333333,8.34,5.7,4.7,,-1.0,1.0,0.0,0.0,0,
RA-1100,2.0,11.0,Masculino,2023,Pública,8.261033333,10.0,7.1,9.2,10.0,5.0,8.541666667,8.283333333,6.3,7.8,,0.0,0.0,1.0,0.0,1,0.0
RA-1102,2.0,11.0,Masculino,2023,Pública,8.123033333,10.0,7.5,9.5,9.5,5.0,7.708333333,7.56,5.7,9.2,,0.0,0.0,1.0,0.0,1,0.0
RA-363,2.0,13.0,Masculino,2022,Pública,6.680833333,5.0,6.8,9.9,0.0,2.52,8.541666667,8.673333333,6.8,6.8,,-1.0,1.0,0.0,0.0,0,
RA-1103,2.0,10.0,Masculino,2023,Pública,7.574866667,10.0,5.0,8.7,9.0,5.0,8.333333333,8.006666667,4.5,5.5,,0.0,0.0,0.0,0.0,1,0.0
RA-539,2.0,12.0,Feminino,2022,Pública,7.796866667,5.0,8.5,8.6,9.5,2.52,9.166666667,8.84,7.2,9.7,,-1.0,1.0,0.0,0.0,0,
RA-369,2.0,12.0,Masculino,2022,Pública,6.0197,5.0,4.0,4.1,10.0,5.0,8.541666667,7.726666667,5.0,3.0,,-1.0,1.0,0.0,0.0,0,
RA-375,2.0,12.0,Masculino,2019,Pública,7.070833333,5.0,7.9,9.9,0.0,5.0,8.541666667,8.283333333,6.8,9.0,,-1.0,1.0,0.0,0.0,0,
RA-376,2.0,13.0,Feminino,2019,Pública,7.1392,5.0,5.9,9.6,8.5,2.52,7.916666667,8.226666667,4.3,7.5,,-1.0,1.0,-1.0,1.0,0,
RA-535,2.0,11.0,Feminino,2019,Pública,8.0027,10.0,5.6,9.4,9.0,5.0,8.125,8.95,4.7,6.5,,0.0,0.0,0.0,0.0,1,0.0
RA-547,2.0,12.0,Feminino,2019,Pública,6.467,5.0,6.2,9.1,0.0,2.52,8.75,8.95,5.0,7.3,,-1.0,1.0,0.0,0.0,0,
RA-548,2.0,12.0,Masculino,2019,Pública,7.4322,5.0,7.4,9.1,9.0,2.52,8.333333333,8.283333333,6.2,8.5,,-1.0,1.0,0.0,0.0,0,
RA-538,2.0,13.0,Masculino,2022,Pública,6.413466667,5.0,4.7,8.6,7.4,2.52,7.916666667,7.39,3.5,5.8,,-1.0,1.0,-1.0,1.0,0,
RA-365,2.0,10.0,Feminino,2022,Pública,8.6587,10.0,8.7,9.9,10.0,2.52,8.958333333,8.953333333,8.2,9.2,,0.0,0.0,1.0,0.0,1,0.0
RA-559,2.0,12.0,Masculino,2021,Pública,7.947366667,5.0,7.4,9.4,10.0,5.0,8.958333333,8.506666667,6.5,8.2,,-1.0,1.0,0.0,0.0,0,
RA-563,2.0,11.0,Feminino,2020,Pública,7.684133333,10.0,6.2,9.7,6.4,2.52,8.75,8.726666667,6.0,6.3,,0.0,0.0,0.0,0.0,1,0.0
RA-573,2.0,12.0,Masculino,2020,Pública,7.774366667,5.0,6.6,9.8,9.5,5.0,8.541666667,8.45,5.7,7.5,,-1.0,1.0,0.0,0.0,0,
RA-555,2.0,13.0,Masculino,2019,Pública,5.898133333,5.0,3.9,8.1,7.4,2.52,6.25,6.946666667,1.5,6.2,,-1.0,1.0,-1.0,1.0,0,
RA-546,2.0,12.0,Feminino,2021,Pública,6.031666667,5.0,5.7,7.2,0.0,2.52,8.75,9.173333333,3.5,7.8,,-1.0,1.0,0.0,0.0,0,
RA-557,2.0,11.0,Masculino,2019,Pública,8.7717,10.0,8.9,8.2,10.0,5.0,9.375,9.62,8.0,9.7,,0.0,0.0,0.0,0.0,1,0.0
RA-1106,2.0,12.0,Masculino,2023,Pública,7.1642,5.0,5.1,9.3,8.5,5.0,8.333333333,8.003333333,5.2,5.0,,-1.0,1.0,0.0,0.0,0,
RA-558,2.0,15.0,Masculino,2022,Pública,6.615333333,2.5,6.0,9.4,7.8,5.0,6.458333333,6.78,5.7,6.3,,-3.0,1.0,-2.0,1.0,0,
RA-1107,2.0,12.0,Feminino,2023,Pública,7.9327,5.0,7.5,9.4,9.0,5.0,8.958333333,8.783333333,8.0,7.0,,-1.0,1.0,0.0,0.0,0,
RA-1108,2.0,12.0,Masculino,2023,Pública,6.310833333,5.0,4.7,9.3,0.0,5.0,8.541666667,8.283333333,3.7,5.7,,-1.0,1.0,0.0,0.0,0,
RA-542,2.0,12.0,Feminino,2019,Pública,7.816533333,5.0,6.3,9.7,9.5,5.0,8.75,9.006666667,5.2,7.3,,-1.0,1.0,0.0,0.0,0,
RA-543,2.0,11.0,Feminino,2022,Pública,7.971833333,10.0,6.5,9.8,7.8,2.52,8.75,9.006666667,5.5,7.5,,0.0,0.0,1.0,0.0,1,0.0
RA-556,2.0,12.0,Feminino,2018,Pública,7.7482,5.0,7.2,9.6,8.5,2.52,9.166666667,9.396666667,6.5,7.8,,-1.0,1.0,0.0,0.0,0,
RA-389,2.0,12.0,Masculino,2019,Pública,6.687,5.0,8.2,8.2,0.0,2.52,8.75,8.95,6.8,9.5,,-1.0,1.0,0.0,0.0,0,
RA-568,2.0,15.0,Masculino,2018,Pública,6.9647,2.5,7.6,7.9,7.0,5.0,8.125,8.01,8.5,6.7,,-3.0,1.0,-2.0,1.0,0,
RA-562,2.0,12.0,Feminino,2021,Pública,6.824833333,5.0,8.7,8.5,0.0,2.52,8.541666667,8.893333333,7.7,9.7,,-1.0,1.0,0.0,0.0,0,
RA-1111,2.0,11.0,Feminino,2023,Pública,6.559166667,10.0,5.4,8.9,0.0,2.52,8.125,8.173333333,4.8,6.0,,0.0,0.0,1.0,0.0,1,0.0
RA-1112,2.0,12.0,Masculino,2023,Pública,7.088866667,5.0,6.3,7.9,9.5,2.52,8.333333333,8.616666667,5.2,7.3,,-1.0,1.0,0.0,0.0,0,
RA-357,2.0,13.0,Masculino,2022,Pública,8.2832,5.0,8.7,9.6,8.5,7.52,8.75,8.23,8.7,8.7,,-1.0,1.0,-1.0,1.0,0,
RA-583,2.0,13.0,Feminino,2019,Pública,7.838866667,5.0,6.3,9.4,9.0,7.52,8.333333333,8.616666667,5.5,7.0,,-1.0,1.0,0.0,0.0,0,
RA-584,2.0,11.0,Feminino,2019,Pública,7.697533333,10.0,5.8,9.0,9.5,2.52,8.333333333,8.56,5.0,6.5,,0.0,0.0,0.0,0.0,1,0.0
RA-586,2.0,10.0,Feminino,2021,Privada - Programa de Apadrinhamento,8.4242,10.0,8.4,10.0,8.0,2.52,8.333333333,9.343333333,7.5,9.2,,0.0,0.0,1.0,0.0,1,0.0
RA-599,2.0,10.0,Masculino,2022,Pública,8.532866667,10.0,8.5,9.5,10.0,2.52,8.333333333,9.286666667,8.2,8.7,,0.0,0.0,1.0,0.0,1,0.0
RA-1114,2.0,11.0,Feminino,2023,Pública,7.5667,10.0,4.9,9.8,8.5,2.52,8.125,8.56,4.3,5.5,,0.0,0.0,0.0,0.0,1,0.0
RA-401,2.0,12.0,Feminino,2021,Pública,6.363666667,5.0,7.3,8.1,4.0,2.52,7.083333333,7.116666667,6.3,8.3,,-1.0,1.0,0.0,0.0,0,
RA-1115,2.0,11.0,Feminino,2023,Pública,6.474,10.0,4.0,8.3,0.0,7.52,7.5,7.56,6.0,2.0,,0.0,0.0,0.0,0.0,1,0.0
RA-1116,2.0,13.0,Masculino,2023,Pública,6.956533333,5.0,4.9,9.2,9.5,5.0,7.083333333,7.39,3.8,6.0,,-1.0,1.0,-1.0,1.0,0,
RA-604,2.0,11.0,Feminino,2021,Pública,8.548033333,10.0,7.5,9.3,9.0,7.52,8.125,8.616666667,6.0,9.0,,0.0,0.0,1.0,0.0,1,0.0
RA-605,2.0,12.0,Feminino,2021,Pública,7.709366667,5.0,6.8,9.5,9.0,7.52,7.291666667,7.84,4.8,8.8,,-1.0,1.0,0.0,0.0,0,
RA-1117,2.0,11.0,Feminino,2023,Pública,8.382366667,10.0,7.3,9.6,9.0,7.52,7.708333333,7.946666667,6.0,8.5,,0.0,0.0,1.0,0.0,1,0.0
RA-1118,2.0,12.0,Feminino,2023,Pública,7.163833333,5.0,6.0,8.8,5.3,7.52,7.708333333,8.28,4.8,7.2,,-1.0,1.0,0.0,0.0,0,
RA-610,2.0,10.0,Feminino,2022,Pública,8.2857,10.0,7.0,10.0,10.0,2.52,8.541666667,8.896666667,6.3,7.7,,0.0,0.0,1.0,0.0,1,0.0
RA-409,2.0,12.0,Feminino,2022,Pública,7.621466667,5.0,8.0,9.5,8.4,2.52,7.916666667,8.73,6.2,9.7,,-1.0,1.0,0.0,0.0,0,
RA-466,2.0,14.0,Masculino,2022,Pública,6.595533333,5.0,4.5,7.6,9.5,6.89,6.25,7.056666667,2.5,6.5,,-2.0,1.0,-1.0,1.0,0,
RA-760,2.0,12.0,Masculino,2021,Pública,6.548333333,5.0,6.3,8.8,0.0,7.52,7.083333333,7.84,5.8,6.8,,-1.0,1.0,0.0,0.0,0,
RA-404,2.0,13.0,Feminino,2020,Pública,6.7093,5.0,6.0,8.3,7.9,5.02,6.875,6.89,4.7,7.2,,-1.0,1.0,0.0,0.0,0,
RA-590,2.0,11.0,Feminino,2020,Privada,7.647666667,10.0,6.5,9.7,6.3,3.77,7.291666667,8.34,5.7,7.3,,0.0,0.0,-1.0,1.0,1,1.0
RA-469,2.0,12.0,Feminino,2022,Pública,7.482533333,5.0,7.8,9.3,7.5,2.52,7.916666667,8.843333333,6.8,8.8,,-1.0,1.0,0.0,0.0,0,
RA-1119,2.0,13.0,Feminino,2023,Pública,7.192,5.0,5.9,9.7,7.3,3.77,7.708333333,8.453333333,3.0,8.8,,-1.0,1.0,-1.0,1.0,0,
RA-472,2.0,13.0,Feminino,2022,Pública,6.6858,5.0,5.5,7.1,5.1,7.52,7.708333333,8.223333333,3.7,7.2,,-1.0,1.0,-1.0,1.0,0,
RA-1121,2.0,11.0,Masculino,2023,Pública,8.049,10.0,8.0,9.9,0.0,6.26,8.75,9.84,6.5,9.5,,0.0,0.0,0.0,0.0,1,0.0
RA-1122,2.0,11.0,Masculino,2023,Pública,7.3715,10.0,6.9,9.3,0.0,6.89,7.291666667,8.616666667,5.2,8.5,,0.0,0.0,1.0,0.0,1,0.0
RA-438,2.0,11.0,Masculino,2022,Pública,6.9883,10.0,5.4,7.5,6.9,6.26,6.458333333,7.223333333,3.5,7.3,,0.0,0.0,-1.0,1.0,1,1.0
RA-408,2.0,13.0,Feminino,2022,Pública,7.242133333,5.0,6.8,8.5,7.9,3.77,8.333333333,8.45,6.0,7.5,,-1.0,1.0,0.0,0.0,0,
RA-623,2.0,14.0,Masculino,2022,Pública,7.8307,5.0,7.3,9.5,10.0,7.52,7.291666667,7.446666667,5.8,8.8,,-2.0,1.0,-1.0,1.0,0,
RA-626,2.0,12.0,Masculino,2021,Pública,7.231033333,5.0,6.5,9.2,9.0,4.39,7.291666667,7.613333333,4.7,8.3,,-1.0,1.0,0.0,0.0,0,
RA-433,2.0,13.0,Masculino,2022,Pública,6.5982,5.0,4.8,7.2,8.5,7.52,5.833333333,7.613333333,1.8,7.7,,-1.0,1.0,0.0,0.0,0,
RA-614,2.0,13.0,Masculino,2021,Pública,8.2282,5.0,8.6,9.1,9.0,7.52,8.333333333,8.563333333,8.8,8.3,,-1.0,1.0,-1.0,1.0,0,
RA-434,2.0,12.0,Masculino,2022,Pública,7.069766667,5.0,6.6,8.0,6.3,7.52,7.5,7.613333333,5.2,8.0,,-1.0,1.0,0.0,0.0,0,
RA-603,2.0,11.0,Masculino,2022,Pública,6.748833333,10.0,7.0,8.9,0.0,2.52,7.708333333,7.78,5.7,8.2,,0.0,0.0,0.0,0.0,1,0.0
RA-616,2.0,13.0,Masculino,2019,Pública,5.612,5.0,6.8,6.6,0.0,5.02,5.833333333,6.783333333,5.5,8.0,,-1.0,1.0,0.0,0.0,0,
RA-620,2.0,13.0,Masculino,2021,Pública,7.043666667,5.0,6.2,8.4,6.8,7.52,6.875,7.503333333,5.2,7.2,,-1.0,1.0,0.0,0.0,0,
RA-1127,2.0,11.0,Feminino,2023,Pública,8.3167,10.0,6.9,9.9,8.5,5.02,8.125,9.01,5.0,8.7,,0.0,0.0,0.0,0.0,1,0.0
RA-1129,2.0,11.0,Masculino,2023,Pública,7.309333333,10.0,7.8,9.2,0.0,6.27,7.916666667,7.503333333,6.8,8.7,,0.0,0.0,0.0,0.0,1,0.0
RA-1130,2.0,11.0,Masculino,2023,Pública,8.0037,10.0,7.3,8.4,8.5,7.52,7.708333333,7.503333333,6.3,8.2,,0.0,0.0,0.0,0.0,1,0.0
RA-1131,2.0,12.0,Feminino,2023,Pública,8.316133333,5.0,9.1,9.9,7.9,5.02,8.75,9.286666667,8.3,9.8,,-1.0,1.0,0.0,0.0,0,
RA-1133,2.0,10.0,Feminino,2023,Pública,8.600033333,10.0,6.5,10.0,9.5,6.27,8.541666667,9.343333333,5.0,8.0,,0.0,0.0,1.0,0.0,1,0.0
RA-1134,2.0,11.0,Masculino,2023,Pública,7.769866667,10.0,6.8,9.7,8.0,3.76,7.916666667,7.56,5.5,8.0,,0.0,0.0,0.0,0.0,1,0.0
RA-618,2.0,14.0,Masculino,2020,Pública,6.4745,5.0,6.2,9.2,0.0,5.02,8.125,7.95,4.5,7.8,,-2.0,1.0,-2.0,1.0,0,
RA-631,2.0,13.0,Masculino,2022,Pública,5.954666667,5.0,7.0,6.4,0.0,6.27,7.916666667,6.78,6.0,8.0,,-1.0,1.0,0.0,0.0,0,
RA-646,2.0,13.0,Masculino,2019,Pública,8.3547,5.0,8.4,8.9,10.0,7.52,8.958333333,8.783333333,8.2,8.5,,-1.0,1.0,-1.0,1.0,0,
RA-649,2.0,13.0,Feminino,2019,Pública,7.579533333,5.0,6.5,9.3,9.0,3.77,8.75,8.836666667,3.8,9.2,,-1.0,1.0,0.0,0.0,0,
RA-651,2.0,11.0,Feminino,2022,Pública,7.332,10.0,9.3,8.2,0.0,3.77,8.75,7.95,9.8,8.7,,0.0,0.0,1.0,0.0,1,0.0
RA-1136,2.0,13.0,Feminino,2023,Pública,6.7351,5.0,6.6,8.1,6.8,2.52,8.333333333,7.723333333,4.8,8.3,,-1.0,1.0,-1.0,1.0,0,
RA-653,2.0,12.0,Feminino,2022,Pública,7.385666667,5.0,7.9,9.8,0.0,6.27,9.166666667,9.06,7.7,8.0,,-1.0,1.0,0.0,0.0,0,
RA-456,2.0,12.0,Feminino,2022,Pública,7.518,5.0,9.9,8.3,0.0,4.39,9.583333333,9.953333333,9.7,10.0,,-1.0,1.0,0.0,0.0,0,
RA-655,2.0,13.0,Feminino,2019,Pública,8.3198,5.0,8.3,9.9,7.4,7.52,9.166666667,8.896666667,7.2,9.3,,-1.0,1.0,0.0,0.0,0,
RA-656,2.0,12.0,Feminino,2020,Pública,6.780833333,5.0,7.3,8.9,0.0,7.52,8.541666667,7.173333333,5.8,8.8,,-1.0,1.0,0.0,0.0,0,
RA-657,2.0,12.0,Feminino,2021,Pública,8.3532,5.0,8.2,10.0,8.5,7.52,8.75,8.73,7.0,9.3,,-1.0,1.0,0.0,0.0,0,
RA-461,2.0,12.0,Feminino,2018,Pública,7.2379,5.0,7.4,7.9,7.3,3.77,8.541666667,8.616666667,5.7,9.0,,-1.0,1.0,0.0,0.0,0,
RA-632,2.0,11.0,Feminino,2022,Pública,7.8768,10.0,7.4,9.1,4.7,5.64,8.333333333,8.563333333,6.8,8.0,,0.0,0.0,0.0,0.0,1,0.0
RA-633,2.0,12.0,Feminino,2020,Pública,6.6552,5.0,7.2,8.1,1.7,6.27,8.541666667,7.286666667,5.3,9.0,,-1.0,1.0,0.0,0.0,0,
RA-1137,2.0,10.0,Feminino,2023,Pública,8.743366667,10.0,6.5,9.8,9.5,6.27,9.375,9.843333333,6.0,7.0,,0.0,0.0,1.0,0.0,1,0.0
RA-1139,2.0,11.0,Masculino,2023,Pública,7.6647,10.0,5.3,9.1,8.5,5.64,8.125,7.79,6.3,4.3,,0.0,0.0,1.0,0.0,1,0.0
RA-1140,2.0,11.0,Feminino,2023,Pública,7.703533333,10.0,7.3,8.7,4.7,7.52,7.708333333,7.62,8.5,6.0,,0.0,0.0,0.0,0.0,1,0.0
RA-445,2.0,13.0,Masculino,2022,Pública,7.9087,5.0,8.4,8.8,8.0,6.89,8.541666667,8.176666667,7.7,9.0,,-1.0,1.0,0.0,0.0,0,
RA-1141,2.0,12.0,Feminino,2023,Pública,7.2757,5.0,5.9,8.8,9.0,7.52,7.708333333,7.113333333,5.5,6.2,,-1.0,1.0,0.0,0.0,0,
RA-639,2.0,11.0,Feminino,2021,Pública,7.5853,10.0,6.3,8.1,7.4,6.27,8.125,7.62,4.8,7.8,,0.0,0.0,0.0,0.0,1,0.0
RA-1142,2.0,11.0,Feminino,2023,Pública,9.175033333,10.0,10.0,10.0,9.0,7.52,8.541666667,8.343333333,10.0,10.0,,0.0,0.0,0.0,0.0,1,0.0
RA-642,2.0,11.0,Feminino,2021,Pública,8.416866667,10.0,6.5,9.2,9.5,6.27,8.75,9.173333333,5.7,7.2,,0.0,0.0,0.0,0.0,1,0.0
RA-658,2.0,10.0,Feminino,2022,Pública,8.438533333,10.0,6.1,9.5,9.5,7.52,7.916666667,9.173333333,5.3,6.8,,0.0,0.0,1.0,0.0,1,0.0
RA-588,2.0,10.0,Feminino,2021,Privada - Programa de Apadrinhamento,8.3527,10.0,7.8,9.6,8.0,2.52,8.958333333,9.673333333,7.5,8.0,,0.0,0.0,1.0,0.0,1,0.0
RA-662,2.0,12.0,Feminino,2022,Pública,6.733566667,5.0,6.7,7.6,6.8,6.27,7.291666667,6.72,4.3,9.0,,-1.0,1.0,0.0,0.0,0,
RA-403,2.0,13.0,Masculino,2020,Pública,7.716366667,5.0,7.8,8.8,8.5,6.27,7.291666667,8.45,6.8,8.8,,-1.0,1.0,0.0,0.0,0,
RA-591,2.0,12.0,Masculino,2021,Pública,7.1472,5.0,6.9,8.5,9.0,6.27,5.833333333,7.333333333,6.2,7.5,,-1.0,1.0,-1.0,1.0,0,
RA-592,2.0,11.0,Feminino,2020,Privada,7.935466667,10.0,7.6,9.2,6.2,3.77,7.916666667,8.95,5.5,9.7,,0.0,0.0,1.0,0.0,1,0.0
RA-602,2.0,12.0,Masculino,2019,Pública,8.5592,5.0,8.1,9.6,10.0,7.52,8.75,9.51,7.3,8.8,,-1.0,1.0,0.0,0.0,0,
RA-666,2.0,11.0,Masculino,2022,Pública,8.720366667,10.0,7.1,9.1,9.5,7.52,8.541666667,9.62,6.7,7.5,,0.0,0.0,0.0,0.0,1,0.0
RA-667,2.0,12.0,Masculino,2021,Pública,6.774866667,5.0,5.2,6.9,9.0,6.89,7.083333333,7.836666667,3.0,7.3,,-1.0,1.0,0.0,0.0,0,
RA-422,2.0,13.0,Masculino,2022,Pública,5.57,5.0,4.4,7.8,0.0,7.52,6.666666667,6.106666667,3.0,5.7,,-1.0,1.0,-1.0,1.0,0,
RA-423,2.0,13.0,Feminino,2022,Pública,6.607533333,5.0,3.4,8.7,8.0,6.89,7.083333333,7.45,2.3,4.5,,-1.0,1.0,0.0,0.0,0,
RA-669,2.0,11.0,Masculino,2022,Pública,7.345033333,10.0,5.0,7.8,8.5,7.52,7.708333333,7.06,3.3,6.7,,0.0,0.0,0.0,0.0,1,0.0
RA-670,2.0,11.0,Feminino,2022,Pública,8.6067,10.0,7.0,8.7,9.5,7.52,8.958333333,9.343333333,5.8,8.2,,0.0,0.0,1.0,0.0,1,0.0
RA-326,3.0,13.0,Feminino,2022,Privada,8.65075,10.0,8.2,9.4,9.6,3.14,9.0625,9.76,8.3,7.5,8.8,0.0,0.0,1.0,0.0,1,0.0
RA-179,3.0,12.0,Masculino,2022,Pública,8.437641667,10.0,6.4,9.4,8.8,7.52,8.59375,8.9225,8.7,6.3,4.3,0.0,0.0,1.0,0.0,1,0.0
RA-1143,3.0,15.0,Feminino,2023,Pública,6.445933333,5.0,5.3,7.0,8.8,6.26,7.5,6.2075,6.0,6.3,3.5,-2.0,1.0,-3.0,1.0,0,
RA-332,3.0,14.0,Masculino,2017,Privada - Programa de Apadrinhamento,8.002591667,5.0,6.8,8.4,9.2,8.76,8.28125,9.175,6.3,7.7,6.5,-1.0,1.0,1.0,0.0,0,
RA-199,3.0,14.0,Masculino,2022,Privada,7.892341667,5.0,8.5,7.6,9.2,7.51,7.96875,8.505,8.2,8.2,9.2,-1.0,1.0,-1.0,1.0,0,
RA-352,3.0,12.0,Masculino,2019,Pública,7.840341667,10.0,7.2,8.1,9.2,6.26,7.96875,7.17,8.2,6.0,7.5,0.0,0.0,1.0,0.0,1,0.0
RA-1146,3.0,14.0,Feminino,2023,Pública,6.689583333,5.0,3.7,8.8,9.6,6.26,7.1875,6.965,5.0,3.3,2.7,-1.0,1.0,-2.0,1.0,0,
RA-331,3.0,13.0,Feminino,2019,Pública,7.039791667,10.0,5.2,8.6,9.6,2.52,7.03125,6.7975,5.7,4.8,5.2,0.0,0.0,-1.0,1.0,1,1.0
RA-227,3.0,12.0,Masculino,2022,Pública,7.722125,10.0,6.9,7.5,9.6,5.63,8.28125,7.4625,7.2,6.5,7.0,0.0,0.0,0.0,0.0,1,0.0
RA-247,3.0,13.0,Feminino,2021,Pública,7.221958333,10.0,7.2,8.5,0.0,7.52,8.28125,7.5425,6.5,6.7,8.3,0.0,0.0,0.0,0.0,1,0.0
RA-1147,3.0,14.0,Feminino,2023,Pública,7.072983333,5.0,6.7,8.3,8.3,6.26,7.1875,7.0075,5.0,7.5,7.5,-1.0,1.0,-1.0,1.0,0,
RA-336,3.0,14.0,Masculino,2016,Pública,5.887708333,5.0,5.1,7.5,0.0,6.89,7.34375,7.255,6.7,5.2,3.3,-1.0,1.0,0.0,0.0,0,
RA-346,3.0,11.0,Masculino,2022,Pública,7.305541667,10.0,6.2,9.4,0.0,8.14,7.96875,7.84,6.7,5.5,6.5,1.0,0.0,0.0,0.0,1,0.0
RA-1149,3.0,14.0,Feminino,2023,Pública,7.410108333,5.0,7.2,9.8,8.3,2.52,7.96875,8.1725,6.0,6.8,8.7,-1.0,1.0,-1.0,1.0,0,
RA-1150,3.0,16.0,Masculino,2023,Pública,7.076008333,2.5,6.7,9.8,9.2,2.52,7.96875,7.835,7.0,6.5,6.5,-3.0,1.0,-2.0,1.0,0,
RA-1151,3.0,12.0,Feminino,2023,Pública,7.829958333,10.0,8.3,9.5,7.5,2.52,7.65625,7.545,7.3,8.8,8.7,0.0,0.0,1.0,0.0,1,0.0
RA-356,3.0,13.0,Masculino,2019,Pública,6.452008333,10.0,3.4,8.5,9.2,2.52,6.09375,6.5025,4.3,4.5,1.3,0.0,0.0,1.0,0.0,1,0.0
RA-359,3.0,13.0,Feminino,2019,Pública,7.627125,10.0,5.8,9.2,9.6,2.52,7.65625,8.255,6.0,6.7,4.7,0.0,0.0,1.0,0.0,1,0.0
RA-360,3.0,13.0,Feminino,2019,Pública,5.790875,10.0,4.3,7.3,0.0,2.52,7.34375,7.4225,5.3,4.8,2.8,0.0,0.0,-1.0,1.0,1,1.0
RA-338,3.0,13.0,Masculino,2019,Pública,8.287441667,10.0,6.7,9.1,8.3,7.52,8.59375,8.38,8.7,7.0,4.5,0.0,0.0,0.0,0.0,1,0.0
RA-339,3.0,12.0,Feminino,2019,Pública,7.377583333,10.0,7.1,8.9,0.0,7.52,7.8125,8.255,7.7,5.7,7.8,0.0,0.0,1.0,0.0,1,0.0
RA-1153,3.0,14.0,Feminino,2023,Pública,7.968658333,5.0,7.2,10.0,7.9,7.52,7.65625,8.63,6.7,7.8,7.0,-1.0,1.0,-1.0,1.0,0,
RA-183,3.0,14.0,Feminino,2022,Pública,7.586241667,5.0,7.7,9.7,7.9,2.52,7.96875,8.795,7.0,8.0,8.2,-1.0,1.0,0.0,0.0,0,
RA-342,3.0,15.0,Feminino,2021,Pública,7.539875,5.0,6.6,8.6,7.5,7.52,7.96875,8.505,6.3,7.8,5.7,-2.0,1.0,-1.0,1.0,0,
RA-187,3.0,13.0,Feminino,2019,Privada - Programa de Apadrinhamento,7.809875,10.0,6.9,9.9,7.5,2.52,7.96875,8.255,7.3,8.7,4.7,0.0,0.0,0.0,0.0,1,0.0
RA-347,3.0,13.0,Feminino,2019,Pública,7.61835,10.0,7.3,9.5,6.7,2.52,7.8125,7.7925,6.7,6.2,9.0,0.0,0.0,1.0,0.0,1,0.0
RA-1154,3.0,13.0,Masculino,2023,Pública,7.701125,10.0,5.1,9.3,9.6,5.63,7.65625,7.67,5.3,5.0,5.0,0.0,0.0,-1.0,1.0,1,1.0
RA-249,3.0,15.0,Masculino,2017,Pública,5.444625,5.0,4.9,8.2,0.0,5.0,5.15625,6.545,6.2,5.3,3.2,-2.0,1.0,-2.0,1.0,0,
RA-250,3.0,13.0,Feminino,2022,Pública,7.598208333,10.0,8.3,9.3,0.0,5.63,7.96875,8.625,7.7,8.8,8.3,0.0,0.0,0.0,0.0,1,0.0
RA-367,3.0,12.0,Feminino,2018,Pública,7.38685,10.0,5.9,8.7,8.8,2.52,7.8125,7.7925,7.0,5.5,5.2,0.0,0.0,1.0,0.0,1,0.0
RA-1155,3.0,14.0,Feminino,2023,Pública,7.821633333,5.0,8.0,9.2,9.2,5.63,7.5,8.2925,6.7,8.2,9.0,-1.0,1.0,-1.0,1.0,0,
RA-1156,3.0,12.0,Feminino,2023,Pública,7.340775,10.0,5.3,9.2,8.3,2.52,7.96875,7.7925,6.2,6.0,3.7,0.0,0.0,1.0,0.0,1,0.0
RA-368,3.0,14.0,Masculino,2018,Pública,5.796458333,5.0,6.7,7.7,0.0,2.52,7.03125,7.34,5.0,7.2,7.8,-1.0,1.0,-1.0,1.0,0,
RA-387,3.0,14.0,Masculino,2019,Pública,4.794333333,5.0,3.0,6.8,0.0,2.52,6.875,7.0075,4.3,2.8,1.8,-1.0,1.0,-1.0,1.0,0,
RA-388,3.0,15.0,Feminino,2019,Pública,5.630833333,5.0,4.2,7.4,0.0,5.63,6.875,7.835,6.0,4.3,2.2,-2.0,1.0,-1.0,1.0,0,
RA-377,3.0,13.0,Feminino,2021,Pública,7.205041667,10.0,4.8,7.6,9.6,5.0,7.34375,7.6275,6.0,5.7,2.8,0.0,0.0,0.0,0.0,1,0.0
RA-236,3.0,13.0,Feminino,2022,Pública,7.337116667,10.0,4.5,7.5,10.0,7.52,7.1875,7.2975,6.3,4.0,3.3,0.0,0.0,0.0,0.0,1,0.0
RA-381,3.0,14.0,Masculino,2018,Pública,5.758041667,5.0,3.9,8.4,0.0,6.89,7.34375,6.84,5.3,5.3,1.2,-1.0,1.0,-2.0,1.0,0,
RA-364,3.0,12.0,Masculino,2019,Pública,7.734891667,10.0,5.8,9.0,8.8,6.89,7.03125,7.505,8.0,5.2,4.3,0.0,0.0,0.0,0.0,1,0.0
RA-382,3.0,15.0,Masculino,2017,Pública,6.223833333,5.0,5.2,9.4,0.0,6.26,7.5,7.1725,5.0,5.8,4.7,-2.0,1.0,-1.0,1.0,0,
RA-383,3.0,12.0,Masculino,2019,Pública,7.5408,10.0,6.5,8.8,9.2,3.14,7.5,7.5,6.3,6.2,7.0,0.0,0.0,1.0,0.0,1,0.0
RA-384,3.0,13.0,Feminino,2017,Pública,6.757958333,10.0,7.3,9.1,0.0,2.52,7.65625,7.335,6.3,7.2,8.3,0.0,0.0,0.0,0.0,1,0.0
RA-1157,3.0,14.0,Masculino,2023,Pública,7.086633333,5.0,5.7,8.8,9.2,6.26,7.5,7.0025,5.0,6.3,5.7,-1.0,1.0,-1.0,1.0,0,
RA-260,3.0,13.0,Feminino,2019,Pública,8.080008333,10.0,6.1,9.9,9.2,7.52,7.34375,7.4175,6.3,5.2,6.7,0.0,0.0,0.0,0.0,1,0.0
RA-390,3.0,12.0,Feminino,2022,Pública,6.905741667,10.0,4.8,8.8,7.9,2.52,7.34375,7.005,5.7,5.8,3.0,0.0,0.0,0.0,0.0,1,0.0
RA-392,3.0,15.0,Masculino,2022,Pública,6.567208333,5.0,4.6,9.5,9.6,2.52,6.09375,7.17,6.2,4.7,2.8,-2.0,1.0,-1.0,1.0,0,
RA-1160,3.0,13.0,Masculino,2023,Pública,6.636166667,10.0,2.7,8.7,9.6,2.52,6.875,7.2575,4.8,2.7,0.7,0.0,0.0,-1.0,1.0,1,1.0
RA-395,3.0,12.0,Feminino,2018,Pública,7.469175,10.0,6.0,8.6,9.2,2.52,7.96875,7.9175,6.7,5.3,6.0,0.0,0.0,1.0,0.0,1,0.0
RA-450,3.0,14.0,Masculino,2021,Pública,6.819625,5.0,5.4,8.4,9.6,2.52,7.65625,7.9175,7.0,6.5,2.7,-1.0,1.0,-1.0,1.0,0,
RA-464,3.0,14.0,Feminino,2022,Pública,6.081675,5.0,3.0,7.7,9.2,2.52,7.96875,7.38,4.8,3.7,0.5,-1.0,1.0,-1.0,1.0,0,
RA-442,3.0,12.0,Feminino,2022,Pública,6.814166667,10.0,5.8,7.6,0.0,7.52,7.5,8.1275,6.7,6.5,4.3,0.0,0.0,1.0,0.0,1,0.0
RA-467,3.0,14.0,Feminino,2022,Pública,6.552916667,5.0,5.2,9.2,6.3,3.14,7.1875,7.5425,6.0,6.0,3.7,-1.0,1.0,0.0,0.0,0,
RA-1162,3.0,13.0,Feminino,2023,Pública,7.44215,10.0,6.0,8.5,8.3,3.77,7.8125,7.7525,7.3,5.5,5.2,0.0,0.0,0.0,0.0,1,0.0
RA-470,3.0,14.0,Feminino,2019,Pública,6.993766667,5.0,4.9,9.2,8.8,5.0,7.5,7.71,6.0,4.3,4.5,-1.0,1.0,0.0,0.0,0,
RA-474,3.0,14.0,Masculino,2019,Pública,5.283583333,5.0,3.3,7.8,0.0,5.0,7.1875,6.7575,4.8,3.8,1.2,-1.0,1.0,-1.0,1.0,0,
RA-476,3.0,13.0,Feminino,2019,Pública,6.492408333,10.0,4.1,7.0,7.9,2.52,7.34375,7.505,5.0,4.5,2.7,0.0,0.0,0.0,0.0,1,0.0
RA-411,3.0,13.0,Feminino,2019,Privada,7.779983333,10.0,6.6,9.0,6.2,7.52,7.8125,7.5425,5.7,6.7,7.3,0.0,0.0,0.0,0.0,1,0.0
RA-412,3.0,13.0,Feminino,2018,Pública,7.373891667,10.0,6.2,8.9,8.8,2.52,7.03125,7.585,5.8,5.2,7.7,0.0,0.0,0.0,0.0,1,0.0
RA-414,3.0,13.0,Feminino,2021,Pública,7.25025,10.0,6.5,9.5,0.0,7.52,7.8125,7.585,6.0,7.0,6.5,0.0,0.0,0.0,0.0,1,0.0
RA-1163,3.0,14.0,Masculino,2023,Pública,7.749391667,5.0,7.2,9.3,8.8,7.52,7.65625,7.75,7.0,6.7,8.0,-1.0,1.0,0.0,0.0,0,
RA-273,3.0,14.0,Feminino,2018,Pública,6.337116667,5.0,5.0,7.4,7.9,2.52,7.8125,7.6275,5.3,6.8,3.0,-1.0,1.0,-1.0,1.0,0,
RA-471,3.0,13.0,Feminino,2020,Pública,6.855541667,10.0,5.0,9.0,0.0,6.27,7.96875,8.125,6.3,4.0,4.8,0.0,0.0,0.0,0.0,1,0.0
RA-416,3.0,13.0,Masculino,2018,Privada - Programa de Apadrinhamento,8.144425,10.0,7.6,9.8,9.2,2.52,8.28125,8.3375,7.0,7.0,8.8,0.0,0.0,1.0,0.0,1,0.0
RA-417,3.0,13.0,Feminino,2022,Pública,8.257658333,10.0,7.8,9.7,5.4,7.52,8.28125,8.2125,6.7,8.3,8.3,0.0,0.0,0.0,0.0,1,0.0
RA-305,3.0,15.0,Masculino,2019,Pública,6.394291667,5.0,5.2,8.9,0.0,7.52,7.65625,7.75,5.2,4.8,5.7,-2.0,1.0,-1.0,1.0,0,
RA-418,3.0,11.0,Feminino,2020,Privada - Programa de Apadrinhamento,8.1686,10.0,8.1,10.0,8.8,2.52,8.125,8.045,6.7,8.3,9.3,1.0,0.0,1.0,0.0,1,0.0
RA-419,3.0,13.0,Feminino,2019,Privada - Programa de Apadrinhamento,7.7261,10.0,7.6,9.5,6.7,2.52,8.125,7.875,7.0,7.3,8.5,0.0,0.0,1.0,0.0,1,0.0
RA-421,3.0,12.0,Masculino,2021,Pública,8.030716667,10.0,7.3,9.9,9.2,2.52,7.8125,8.17,8.0,6.2,7.8,0.0,0.0,1.0,0.0,1,0.0
RA-407,3.0,14.0,Masculino,2022,Pública,7.665083333,5.0,7.3,8.6,9.6,7.52,7.8125,7.5,7.3,7.2,7.3,-1.0,1.0,0.0,0.0,0,
RA-425,3.0,13.0,Masculino,2022,Pública,8.10555,10.0,7.5,9.9,9.2,2.52,7.8125,8.3775,6.7,7.3,8.5,0.0,0.0,0.0,0.0,1,0.0
RA-426,3.0,14.0,Feminino,2022,Pública,6.329158333,5.0,5.0,7.6,5.4,5.0,7.65625,7.5425,4.7,5.2,5.0,-1.0,1.0,-1.0,1.0,0,
RA-1165,3.0,12.0,Feminino,2023,Pública,7.880716667,10.0,7.3,9.1,9.2,5.0,7.1875,7.2925,7.0,6.0,9.0,0.0,0.0,0.0,0.0,1,0.0
RA-432,3.0,15.0,Feminino,2019,Pública,6.850183333,5.0,5.2,9.0,8.8,2.52,7.8125,8.0425,5.0,6.3,4.2,-2.0,1.0,-1.0,1.0,0,
RA-303,3.0,15.0,Masculino,2019,Pública,5.914291667,5.0,5.1,7.3,0.0,7.52,7.65625,7.05,5.7,5.2,4.5,-2.0,1.0,-2.0,1.0,0,
RA-420,3.0,12.0,Feminino,2019,Privada - Programa de Apadrinhamento,7.356358333,10.0,5.3,9.3,8.3,2.52,7.65625,7.96,5.7,5.8,4.3,0.0,0.0,1.0,0.0,1,0.0
RA-1166,3.0,15.0,Feminino,2023,Pública,7.307858333,5.0,4.8,9.6,8.3,7.52,7.65625,7.9175,5.3,2.8,6.2,-2.0,1.0,-1.0,1.0,0,
RA-424,3.0,13.0,Feminino,2022,Pública,7.72685,10.0,6.4,9.9,8.8,2.52,7.8125,7.7925,5.0,6.7,7.5,0.0,0.0,0.0,0.0,1,0.0
RA-398,3.0,11.0,Feminino,2022,Pública,7.153766667,10.0,6.5,8.1,6.7,2.52,7.5,7.7925,9.3,5.8,4.5,1.0,0.0,0.0,0.0,1,0.0
RA-428,3.0,13.0,Masculino,2022,Pública,7.821816667,10.0,7.2,9.5,8.3,2.52,7.8125,8.0425,9.3,4.7,7.7,0.0,0.0,0.0,0.0,1,0.0
RA-315,3.0,14.0,Feminino,2022,Pública,5.977708333,5.0,6.3,6.8,0.0,5.0,7.96875,7.8375,5.7,6.8,6.3,-1.0,1.0,-1.0,1.0,0,
RA-402,3.0,13.0,Feminino,2019,Pública,6.632716667,10.0,4.2,7.3,9.2,2.52,7.8125,6.88,4.7,4.0,4.0,0.0,0.0,0.0,0.0,1,0.0
RA-1168,3.0,13.0,Feminino,2023,Pública,5.886625,10.0,3.5,8.8,0.0,2.52,7.65625,7.045,5.0,2.0,3.5,0.0,0.0,-1.0,1.0,1,1.0
RA-613,3.0,14.0,Masculino,2020,Pública,6.864508333,5.0,4.8,9.4,9.2,5.0,6.71875,7.2125,4.3,6.2,3.8,-1.0,1.0,-1.0,1.0,0,
RA-304,3.0,15.0,Masculino,2020,Pública,6.241583333,5.0,5.7,8.8,0.0,5.0,7.8125,7.835,7.0,3.7,6.3,-2.0,1.0,-3.0,1.0,0,
RA-457,3.0,13.0,Feminino,2022,Pública,8.256833333,10.0,8.1,8.6,7.5,7.52,8.125,8.045,6.7,8.5,9.0,0.0,0.0,1.0,0.0,1,0.0
RA-283,3.0,15.0,Masculino,2020,Pública,7.549025,5.0,6.8,9.5,8.3,7.52,7.03125,7.5025,6.8,4.8,8.8,-2.0,1.0,-2.0,1.0,0,
RA-459,3.0,13.0,Masculino,2019,Pública,8.240016667,10.0,8.3,9.3,6.7,7.52,7.1875,7.88,8.3,9.2,7.5,0.0,0.0,0.0,0.0,1,0.0
RA-454,3.0,15.0,Masculino,2018,Pública,4.603416667,5.0,2.6,7.5,0.0,5.0,4.6875,5.54,4.2,1.2,2.5,-2.0,1.0,-2.0,1.0,0,
RA-444,3.0,11.0,Masculino,2018,Pública,5.958791667,10.0,4.7,7.9,0.0,5.0,6.40625,6.4575,4.7,5.8,3.7,1.0,0.0,-1.0,1.0,1,1.0
RA-170,3.0,15.0,Feminino,2018,Privada - Programa de Apadrinhamento,7.062433333,5.0,7.2,8.9,8.8,2.52,6.875,7.6725,6.3,8.7,6.5,-2.0,1.0,-1.0,1.0,0,
RA-1169,3.0,14.0,Feminino,2023,Pública,7.213625,5.0,6.3,9.5,7.5,5.0,7.03125,8.0025,6.8,7.3,4.8,-1.0,1.0,-1.0,1.0,0,
RA-458,3.0,14.0,Masculino,2019,Pública,6.312083333,5.0,3.8,6.9,9.6,7.52,7.1875,6.2475,4.3,4.8,2.2,-1.0,1.0,-1.0,1.0,0,
RA-1170,3.0,14.0,Masculino,2023,Pública,6.874683333,5.0,5.9,7.7,8.8,7.52,7.1875,6.5775,6.0,6.8,4.8,-1.0,1.0,-2.0,1.0,0,
RA-1171,3.0,14.0,Masculino,2023,Pública,7.856033333,5.0,8.7,8.4,7.9,5.0,8.75,8.88,7.3,9.0,9.7,-1.0,1.0,-1.0,1.0,0,
RA-176,4.0,14.0,Feminino,2018,Privada - Programa de Apadrinhamento,8.316833333,10.0,8.0,9.5,9.6,2.52,8.125,9.0025,7.3,7.3,9.3,0.0,0.0,1.0,0.0,1,0.0
RA-178,4.0,14.0,Feminino,2016,Privada - Programa de Apadrinhamento,7.406658333,10.0,5.9,8.7,7.9,2.52,7.65625,8.42,6.3,5.8,5.5,0.0,0.0,0.0,0.0,1,0.0
RA-193,4.0,13.0,Masculino,2016,Privada - Programa de Apadrinhamento,7.718566667,10.0,6.5,9.4,8.3,2.52,8.125,8.17,6.0,6.3,7.3,1.0,0.0,1.0,0.0,1,0.0
RA-1172,4.0,16.0,Feminino,2023,Pública,7.030108333,5.0,6.7,7.8,8.3,2.52,8.59375,8.46,6.0,5.7,8.3,-2.0,1.0,-1.0,1.0,0,
RA-180,4.0,13.0,Masculino,2018,Privada - Programa de Apadrinhamento,8.283216667,10.0,8.0,9.4,9.2,2.52,8.4375,8.92,8.3,7.3,8.5,1.0,0.0,2.0,0.0,1,0.0
RA-181,4.0,14.0,Feminino,2019,Privada - Programa de Apadrinhamento,7.671208333,10.0,6.8,8.3,9.6,2.52,7.96875,8.2525,8.3,6.5,5.5,0.0,0.0,0.0,0.0,1,0.0
RA-195,4.0,14.0,Feminino,2017,Privada - Programa de Apadrinhamento,7.60205,10.0,6.0,9.2,7.1,2.52,8.4375,8.79,6.3,6.2,5.5,0.0,0.0,1.0,0.0,1,0.0
RA-196,4.0,13.0,Masculino,2018,Privada - Programa de Apadrinhamento,7.560991667,10.0,6.2,9.0,7.9,2.52,8.28125,8.2125,7.0,6.0,5.7,1.0,0.0,1.0,0.0,1,0.0
RA-211,4.0,14.0,Masculino,2021,Privada - Programa de Apadrinhamento,8.024791667,10.0,7.1,9.4,9.6,2.52,7.65625,8.71,7.7,8.0,5.7,0.0,0.0,0.0,0.0,1,0.0
RA-197,4.0,13.0,Feminino,2021,Privada - Programa de Apadrinhamento,7.967608333,10.0,7.2,9.8,8.3,2.52,7.96875,8.46,7.0,7.3,7.2,1.0,0.0,0.0,0.0,1,0.0
RA-229,4.0,13.0,Masculino,2022,Privada - Programa de Apadrinhamento,8.207591667,10.0,7.8,9.8,9.2,2.52,8.28125,8.42,8.0,8.2,7.3,1.0,0.0,1.0,0.0,1,0.0
RA-186,4.0,14.0,Feminino,2019,Privada,7.817541667,10.0,6.9,9.7,7.5,2.52,7.96875,8.46,6.8,7.0,7.0,0.0,0.0,1.0,0.0,1,0.0
RA-189,4.0,14.0,Masculino,2018,Privada - Programa de Apadrinhamento,7.727325,10.0,6.5,9.4,7.9,2.52,8.28125,8.3775,6.3,6.5,6.7,0.0,0.0,0.0,0.0,1,0.0
RA-191,4.0,14.0,Masculino,2019,Privada - Programa de Apadrinhamento,7.263666667,10.0,7.8,9.7,0.0,2.52,8.125,8.4625,8.7,7.0,7.8,0.0,0.0,2.0,0.0,1,0.0
RA-1173,4.0,14.0,Masculino,2023,Pública,7.67285,10.0,6.0,9.7,8.8,2.52,7.8125,8.1225,7.0,5.0,6.0,0.0,0.0,0.0,0.0,1,0.0
RA-217,4.0,15.0,Feminino,2021,Pública,6.96965,5.0,5.6,8.6,8.3,2.52,8.4375,8.5025,6.7,5.3,4.8,-1.0,1.0,-1.0,1.0,0,
RA-1174,4.0,15.0,Feminino,2023,Pública,7.333591667,5.0,6.8,8.7,9.2,2.52,8.90625,8.3375,6.5,7.2,6.8,-1.0,1.0,0.0,0.0,0,
RA-192,4.0,16.0,Masculino,2021,Privada,6.616016667,5.0,6.5,6.2,8.8,5.0,7.1875,7.3775,6.0,5.8,7.8,-2.0,1.0,-2.0,1.0,0,
RA-184,4.0,13.0,Masculino,2019,Pública,8.430241667,10.0,7.1,9.5,7.9,7.52,8.59375,8.5025,7.3,6.3,7.8,1.0,0.0,1.0,0.0,1,0.0
RA-204,4.0,14.0,Feminino,2019,Pública,7.557558333,10.0,7.1,7.9,8.8,2.52,8.28125,8.045,4.7,8.0,8.5,0.0,0.0,0.0,0.0,1,0.0
RA-1176,4.0,13.0,Masculino,2023,Pública,8.881483333,10.0,8.2,9.3,8.3,7.52,9.6875,9.17,8.0,7.8,8.7,1.0,0.0,1.0,0.0,1,0.0
RA-1177,4.0,14.0,Feminino,2023,Pública,8.345491667,10.0,7.2,9.9,10.0,2.52,8.90625,8.88,7.0,6.7,8.0,0.0,0.0,0.0,0.0,1,0.0
RA-215,4.0,14.0,Feminino,2021,Pública,7.166475,10.0,6.9,6.6,8.8,2.52,7.96875,7.7125,5.7,6.7,8.3,0.0,0.0,0.0,0.0,1,0.0
RA-1178,4.0,16.0,Masculino,2023,Pública,7.066475,5.0,5.7,9.3,8.8,2.52,7.96875,8.2125,6.3,4.5,6.3,-2.0,1.0,-1.0,1.0,0,
RA-149,4.0,16.0,Feminino,2022,Pública,5.622266667,5.0,4.7,4.2,8.8,2.52,7.5,7.2925,5.7,3.5,5.0,-2.0,1.0,-2.0,1.0,0,
RA-220,4.0,14.0,Feminino,2022,Pública,7.102016667,10.0,6.1,7.6,8.8,2.52,7.1875,7.5475,6.3,5.8,6.3,0.0,0.0,0.0,0.0,1,0.0
RA-202,4.0,15.0,Feminino,2017,Pública,6.791641667,5.0,5.9,7.9,8.8,2.52,7.96875,8.005,6.3,4.8,6.7,-1.0,1.0,-1.0,1.0,0,
RA-1181,4.0,14.0,Feminino,2023,Pública,6.971266667,10.0,4.8,8.3,8.8,2.52,7.5,7.3375,5.7,4.3,4.5,0.0,0.0,0.0,0.0,1,0.0
RA-237,4.0,15.0,Feminino,2022,Privada - Programa de Apadrinhamento,7.436566667,5.0,6.7,9.5,8.3,2.52,8.125,8.96,7.7,7.0,5.5,-1.0,1.0,-1.0,1.0,0,
RA-147,4.0,15.0,Feminino,2022,Pública,5.5425,5.0,4.5,7.0,0.0,5.63,6.875,7.46,5.0,6.0,2.5,-1.0,1.0,-1.0,1.0,0,
RA-1184,4.0,16.0,Masculino,2023,Pública,7.381566667,5.0,7.3,8.3,8.3,5.0,8.125,8.045,8.0,5.5,8.5,-2.0,1.0,-1.0,1.0,0,
RA-241,4.0,15.0,Masculino,2016,Privada - Programa de Apadrinhamento,7.016,5.0,7.5,9.9,0.0,2.52,8.75,9.545,9.3,7.0,6.2,-1.0,1.0,2.0,0.0,0,
RA-242,4.0,14.0,Masculino,2018,Privada - Programa de Apadrinhamento,8.221841667,10.0,7.9,9.7,7.1,2.52,8.59375,9.3775,9.3,7.3,7.2,0.0,0.0,2.0,0.0,1,0.0
RA-138,4.0,16.0,Masculino,2016,Pública,6.784075,5.0,4.3,7.9,10.0,6.26,7.34375,7.4175,4.0,3.7,5.2,-2.0,1.0,-2.0,1.0,0,
RA-244,4.0,13.0,Feminino,2018,Privada - Programa de Apadrinhamento,7.044333333,10.0,7.3,8.8,0.0,2.52,8.125,8.8325,7.0,8.0,6.8,1.0,0.0,1.0,0.0,1,0.0
RA-245,4.0,15.0,Masculino,2016,Privada - Programa de Apadrinhamento,7.171166667,5.0,8.1,10.0,0.0,2.52,8.75,9.5875,9.3,7.8,7.3,-1.0,1.0,2.0,0.0,0,
RA-246,4.0,14.0,Masculino,2022,Privada,8.256766667,10.0,6.8,9.9,8.8,4.39,8.125,8.9175,7.7,7.0,5.8,0.0,0.0,2.0,0.0,1,0.0
RA-239,4.0,16.0,Feminino,2021,Pública,6.411333333,5.0,7.0,8.4,0.0,5.0,8.125,7.6275,6.0,7.2,7.7,-2.0,1.0,-3.0,1.0,0,
RA-262,4.0,16.0,Masculino,2021,Privada,4.406458333,5.0,3.8,3.7,0.0,5.0,7.03125,6.05,5.0,3.3,3.0,-2.0,1.0,-2.0,1.0,0,
RA-397,4.0,15.0,Feminino,2017,Pública,6.207083333,5.0,4.6,7.9,7.5,2.52,7.1875,7.465,6.7,5.0,2.0,-1.0,1.0,-2.0,1.0,0,
RA-1188,4.0,15.0,Feminino,2023,Pública,,5.0,6.4,9.4,9.6,,7.8125,7.5875,6.5,7.5,5.2,-1.0,1.0,-1.0,1.0,0,
RA-267,4.0,16.0,Feminino,2016,Pública,,5.0,2.7,7.7,7.9,,4.6875,6.505,2.7,4.0,1.3,-2.0,1.0,-2.0,1.0,0,
RA-1189,4.0,15.0,Feminino,2023,Pública,,5.0,6.1,9.0,8.8,,7.8125,7.3775,6.3,5.7,6.2,-1.0,1.0,-1.0,1.0,0,
RA-269,4.0,14.0,Masculino,2022,Pública,8.116041667,10.0,7.4,9.0,9.6,2.52,8.59375,8.7975,8.0,7.3,7.0,0.0,0.0,2.0,0.0,1,0.0
RA-313,4.0,14.0,Feminino,2022,Pública,7.011091667,10.0,3.9,8.7,9.2,2.52,7.65625,7.75,4.0,2.8,5.0,0.0,0.0,-1.0,1.0,1,1.0
RA-301,4.0,14.0,Feminino,2019,Pública,6.760341667,10.0,5.2,5.4,9.2,7.52,6.71875,6.465,4.7,6.5,4.5,0.0,0.0,0.0,0.0,1,0.0
RA-286,4.0,15.0,Feminino,2022,Pública,5.713333333,5.0,4.7,7.5,0.0,5.0,8.125,7.3375,3.7,5.0,5.3,-1.0,1.0,-1.0,1.0,0,
RA-1193,4.0,14.0,Feminino,2023,Pública,6.018083333,10.0,4.1,7.8,0.0,5.0,7.1875,7.13,3.7,3.5,5.0,0.0,0.0,-1.0,1.0,1,1.0
RA-308,4.0,14.0,Masculino,2019,Pública,6.578558333,10.0,4.9,6.8,5.4,5.0,7.03125,7.5025,4.7,5.2,4.7,0.0,0.0,1.0,0.0,1,0.0
RA-152,4.0,16.0,Feminino,2022,Pública,6.30695,5.0,4.5,7.7,7.9,2.52,7.8125,7.71,4.0,5.0,4.5,-2.0,1.0,-2.0,1.0,0,
RA-270,4.0,14.0,Feminino,2019,Privada - Programa de Apadrinhamento,7.982633333,10.0,6.6,9.0,9.2,2.52,8.75,9.1275,7.7,6.2,5.8,0.0,0.0,2.0,0.0,1,0.0
RA-271,4.0,16.0,Feminino,2022,Pública,6.140333333,5.0,5.9,9.3,0.0,2.52,8.125,7.7125,4.3,7.0,6.3,-2.0,1.0,-1.0,1.0,0,
RA-299,4.0,14.0,Feminino,2019,Privada - Programa de Apadrinhamento,6.796541667,10.0,6.1,9.6,0.0,2.52,7.96875,8.005,5.0,7.2,6.2,0.0,0.0,1.0,0.0,1,0.0
RA-316,4.0,14.0,Feminino,2022,Pública,8.436908333,10.0,5.7,9.5,10.0,7.52,8.59375,8.96,6.3,5.7,5.0,0.0,0.0,0.0,0.0,1,0.0
RA-318,4.0,15.0,Feminino,2019,Pública,6.856575,5.0,4.9,8.1,7.9,6.26,7.96875,7.71,5.0,5.0,4.7,-1.0,1.0,-1.0,1.0,0,
RA-274,4.0,12.0,Feminino,2019,Privada - Programa de Apadrinhamento,8.137625,10.0,7.5,9.5,7.5,5.63,7.65625,8.295,7.0,7.7,7.8,1.0,0.0,2.0,0.0,1,0.0
RA-320,4.0,14.0,Feminino,2022,Pública,8.393508333,10.0,5.5,9.9,9.2,7.52,8.59375,8.96,5.7,6.0,4.7,0.0,0.0,0.0,0.0,1,0.0
RA-277,4.0,15.0,Masculino,2021,Pública,7.7284,5.0,5.5,9.9,8.3,7.52,8.125,8.7525,5.7,6.0,4.8,-1.0,1.0,2.0,0.0,0,
RA-278,4.0,13.0,Masculino,2018,Pública,7.1935,10.0,5.6,9.8,0.0,5.63,8.75,8.3775,6.0,5.3,5.5,1.0,0.0,1.0,0.0,1,0.0
RA-291,4.0,14.0,Masculino,2022,Privada - Programa de Apadrinhamento,8.493058333,10.0,7.1,8.6,8.8,7.52,8.90625,9.21,8.0,6.5,6.7,0.0,0.0,2.0,0.0,1,0.0
RA-306,4.0,15.0,Feminino,2021,Pública,5.732375,5.0,4.0,7.9,0.0,6.26,7.34375,7.46,4.7,4.5,2.8,-1.0,1.0,-1.0,1.0,0,
RA-279,4.0,14.0,Masculino,2019,Pública,9.006266667,10.0,8.9,10.0,8.8,6.27,8.75,9.2125,9.0,8.5,9.3,0.0,0.0,1.0,0.0,1,0.0
RA-280,4.0,14.0,Feminino,2021,Privada - Programa de Apadrinhamento,8.189225,10.0,6.5,9.5,6.7,7.52,8.28125,8.7125,6.3,7.7,5.5,0.0,0.0,1.0,0.0,1,0.0
RA-319,4.0,14.0,Masculino,2022,Concluiu o 3º EM,8.367208333,10.0,7.2,9.2,9.6,5.0,8.59375,8.88,5.7,5.8,10.0,0.0,0.0,0.0,0.0,1,0.0
RA-321,4.0,13.0,Feminino,2022,Pública,7.695233333,10.0,6.2,9.4,8.3,2.52,8.125,8.42,6.0,5.8,6.7,1.0,0.0,1.0,0.0,1,0.0
RA-1195,4.0,17.0,Feminino,2022,Pública,5.677291667,2.5,5.4,8.3,0.0,2.52,8.28125,8.0025,4.3,4.7,7.3,-3.0,1.0,-2.0,1.0,0,
RA-251,4.0,15.0,Masculino,2018,Pública,6.665208333,5.0,5.3,8.0,9.6,2.52,7.34375,7.835,5.0,5.5,5.3,-1.0,1.0,-1.0,1.0,0,
RA-116,5.0,17.0,Feminino,2019,Pública,6.433075,5.0,4.7,7.6,6.7,5.0,7.96875,7.5475,2.3,5.0,6.8,-2.0,1.0,-2.0,1.0,0,
RA-103,5.0,14.0,Feminino,2020,Privada - Programa de Apadrinhamento,8.0239,10.0,7.1,9.2,8.3,5.0,8.125,8.09,7.3,6.3,7.7,1.0,0.0,0.0,0.0,1,0.0
RA-42,5.0,16.0,Masculino,2019,Privada - Programa de Apadrinhamento,6.794516667,5.0,5.7,8.6,8.8,5.63,6.5625,6.6675,6.3,4.2,6.7,-1.0,1.0,-1.0,1.0,0,
RA-121,5.0,16.0,Feminino,2021,Pública,6.811875,5.0,6.0,8.8,6.3,5.0,7.34375,7.4625,5.0,5.7,7.3,-1.0,1.0,-2.0,1.0,0,
RA-106,5.0,15.0,Feminino,2016,Privada - Programa de Apadrinhamento,7.769658333,10.0,7.3,9.1,7.9,5.0,7.03125,7.5075,6.7,6.8,8.3,0.0,0.0,0.0,0.0,1,0.0
RA-123,5.0,17.0,Masculino,2017,Privada - Programa de Apadrinhamento,6.068333333,5.0,5.7,9.4,0.0,5.0,6.875,6.8375,5.0,5.3,6.7,-2.0,1.0,-1.0,1.0,0,
RA-125,5.0,16.0,Feminino,2022,Privada,6.989633333,5.0,5.8,7.7,9.2,5.0,8.125,7.835,3.3,5.8,8.2,-1.0,1.0,-1.0,1.0,0,
RA-110,5.0,15.0,Masculino,2017,Privada - Programa de Apadrinhamento,8.0879,10.0,7.5,8.6,8.3,5.0,8.75,8.2975,8.3,6.2,8.0,0.0,0.0,0.0,0.0,1,0.0
RA-143,5.0,14.0,Masculino,2019,Privada - Programa de Apadrinhamento,7.794358333,10.0,6.5,9.6,8.3,2.52,8.28125,8.3375,9.2,5.0,5.2,1.0,0.0,2.0,0.0,1,0.0
RA-111,5.0,14.0,Feminino,2020,Privada - Programa de Apadrinhamento,7.566458333,10.0,6.0,8.7,7.5,5.0,7.65625,8.0875,6.0,5.2,6.7,1.0,0.0,0.0,0.0,1,0.0
RA-112,5.0,16.0,Feminino,2016,Privada - Programa de Apadrinhamento,7.141308333,5.0,7.4,8.1,6.7,5.0,7.96875,7.9225,7.3,6.5,8.3,-1.0,1.0,0.0,0.0,0,
RA-115,5.0,16.0,Feminino,2019,Pública,6.319141667,5.0,4.2,7.1,8.8,5.0,7.34375,7.215,3.7,3.8,5.2,-1.0,1.0,-2.0,1.0,0,
RA-52,5.0,14.0,Masculino,2018,Privada - Programa de Apadrinhamento,7.9642,10.0,6.4,9.8,10.0,2.52,8.125,8.2975,7.7,4.8,6.7,1.0,0.0,2.0,0.0,1,0.0
RA-1198,5.0,16.0,Feminino,2023,Pública,7.515233333,5.0,6.7,9.4,8.3,6.26,7.5,7.9625,7.3,3.7,9.0,-1.0,1.0,-1.0,1.0,0,
RA-127,5.0,15.0,Feminino,2022,Pública,7.91935,10.0,6.4,7.8,8.8,6.26,8.4375,8.6725,4.7,6.3,8.2,0.0,0.0,0.0,0.0,1,0.0
RA-146,5.0,16.0,Feminino,2022,Pública,7.584483333,5.0,7.9,9.5,6.2,5.0,8.4375,8.2125,7.8,5.8,10.0,-1.0,1.0,-2.0,1.0,0,
RA-1199,5.0,17.0,Masculino,2023,Pública,7.024933333,5.0,6.2,9.1,6.7,5.0,6.875,8.0875,6.8,5.0,6.7,-2.0,1.0,-2.0,1.0,0,
RA-107,5.0,15.0,Feminino,2018,Pública,6.845208333,10.0,7.0,8.5,0.0,5.0,7.34375,7.5875,6.0,5.2,9.7,0.0,0.0,-1.0,1.0,1,1.0
RA-1200,5.0,15.0,Feminino,2023,Pública,5.711166667,10.0,4.0,6.4,0.0,5.0,7.5,6.8725,4.3,2.3,5.5,0.0,0.0,-1.0,1.0,1,1.0
RA-85,5.0,16.0,Masculino,2022,Pública,7.08435,5.0,5.7,8.9,8.8,6.27,5.9375,7.8425,5.8,3.8,7.5,-1.0,1.0,-2.0,1.0,0,
RA-1201,5.0,15.0,Masculino,2023,Pública,8.378008333,10.0,7.8,9.6,9.2,3.77,8.59375,8.7575,8.3,6.5,8.5,0.0,0.0,-1.0,1.0,1,1.0
RA-131,5.0,16.0,Feminino,2016,Pública,5.952358333,5.0,2.2,7.8,8.3,5.0,7.65625,6.8,0.0,3.0,3.5,-1.0,1.0,-2.0,1.0,0,
RA-132,5.0,15.0,Feminino,2019,Privada - Programa de Apadrinhamento,7.350625,10.0,6.5,8.7,7.5,2.52,7.65625,7.715,6.3,6.5,6.7,0.0,0.0,0.0,0.0,1,0.0
RA-137,5.0,17.0,Feminino,2016,Privada - Programa de Apadrinhamento,5.937025,5.0,6.0,6.3,7.1,2.52,6.40625,6.88,7.3,4.5,6.2,-2.0,1.0,-2.0,1.0,0,
RA-90,5.0,14.0,Feminino,2019,Privada - Programa de Apadrinhamento,8.699408333,10.0,7.7,9.6,10.0,7.52,8.59375,8.1725,6.7,6.8,9.5,1.0,0.0,2.0,0.0,1,0.0
RA-167,5.0,17.0,Feminino,2018,Privada - Programa de Apadrinhamento,7.806141667,5.0,7.9,9.9,8.8,5.0,7.96875,7.8375,8.3,7.2,8.3,-2.0,1.0,-1.0,1.0,0,
RA-1203,5.0,16.0,Feminino,2023,Pública,7.487841667,5.0,7.2,10.0,9.2,2.52,7.96875,7.8775,6.7,5.8,9.2,-1.0,1.0,0.0,0.0,0,
RA-155,5.0,17.0,Masculino,2022,Pública,6.318991667,5.0,4.4,8.1,7.9,5.0,7.03125,6.5875,5.3,2.8,5.2,-2.0,1.0,0.0,0.0,0,
RA-94,5.0,16.0,Feminino,2018,Privada - Programa de Apadrinhamento,7.289333333,5.0,7.2,9.6,7.5,2.52,8.75,7.795,7.7,4.8,9.0,-1.0,1.0,0.0,0.0,0,
RA-81,5.0,15.0,Feminino,2017,Privada - Programa de Apadrinhamento,7.45425,10.0,6.3,8.8,9.6,2.52,7.8125,7.2125,8.7,4.7,5.5,0.0,0.0,0.0,0.0,1,0.0
RA-171,5.0,17.0,Masculino,2022,Pública,6.293083333,5.0,5.2,7.2,7.5,5.0,7.1875,6.755,4.5,4.8,6.2,-2.0,1.0,-1.0,1.0,0,
RA-160,5.0,16.0,Feminino,2021,Privada - Programa de Apadrinhamento,6.598266667,5.0,5.0,8.3,8.8,2.52,8.125,7.46,3.3,3.8,8.0,-1.0,1.0,-1.0,1.0,0,
RA-173,5.0,17.0,Masculino,2019,Privada - Programa de Apadrinhamento,7.757466667,5.0,8.1,8.5,9.2,6.26,8.125,7.8775,9.0,6.2,9.2,-2.0,1.0,0.0,0.0,0,
RA-166,5.0,15.0,Masculino,2020,Privada - Programa de Apadrinhamento,8.105583333,10.0,8.1,8.9,7.5,6.26,8.4375,7.4625,7.0,7.2,10.0,0.0,0.0,1.0,0.0,1,0.0
RA-175,5.0,16.0,Feminino,2018,Privada - Programa de Apadrinhamento,6.569516667,5.0,4.8,9.2,8.8,2.52,7.1875,7.085,5.0,5.0,4.5,-1.0,1.0,-1.0,1.0,0,
RA-153,5.0,15.0,Feminino,2018,Privada - Programa de Apadrinhamento,7.289966667,10.0,6.4,7.4,9.2,2.52,8.125,7.71,6.0,5.3,8.0,0.0,0.0,2.0,0.0,1,0.0
RA-157,5.0,13.0,Feminino,2018,Privada - Programa de Apadrinhamento,7.879008333,10.0,6.8,9.9,7.1,2.52,8.59375,8.63,6.0,6.8,7.5,2.0,0.0,1.0,0.0,1,0.0
RA-1207,5.0,15.0,Feminino,2023,Pública,7.58235,10.0,5.5,9.0,8.8,5.0,7.8125,7.63,5.0,4.0,7.5,0.0,0.0,-1.0,1.0,1,1.0
RA-158,5.0,14.0,Feminino,2017,Privada - Programa de Apadrinhamento,7.297425,10.0,6.0,9.0,7.1,2.52,8.28125,7.545,6.0,5.7,6.3,1.0,0.0,0.0,0.0,1,0.0
RA-161,5.0,14.0,Feminino,2018,Privada - Programa de Apadrinhamento,6.250166667,10.0,5.8,7.3,0.0,2.52,8.125,7.795,7.0,4.5,6.0,1.0,0.0,0.0,0.0,1,0.0
RA-164,5.0,16.0,Masculino,2018,Privada,5.638666667,5.0,5.8,8.2,0.0,2.52,6.875,6.9625,6.0,4.2,7.3,-1.0,1.0,-2.0,1.0,0,
RA-1210,5.0,16.0,Feminino,2023,Pública,7.171083333,5.0,4.7,9.4,9.6,5.0,7.8125,8.09,5.0,2.0,7.0,-1.0,1.0,0.0,0.0,0,
RA-165,5.0,15.0,Feminino,2017,Privada - Programa de Apadrinhamento,7.583433333,10.0,7.3,9.2,6.7,2.52,8.125,7.795,7.3,6.2,8.3,0.0,0.0,0.0,0.0,1,0.0
RA-40,6.0,17.0,Feminino,2016,Privada - Programa de Apadrinhamento,7.169975,5.0,5.9,8.2,7.5,7.52,7.96875,7.755,6.2,5.7,5.8,-1.0,1.0,0.0,0.0,0,
RA-1214,6.0,16.0,Masculino,2023,Pública,8.378666667,10.0,7.4,9.8,9.6,6.89,7.5,7.6725,8.0,5.0,9.3,0.0,0.0,0.0,0.0,1,0.0
RA-45,6.0,16.0,Feminino,2019,Privada - Programa de Apadrinhamento,8.303591667,10.0,7.9,9.6,7.1,6.26,8.28125,8.1725,7.8,6.3,9.7,0.0,0.0,0.0,0.0,1,0.0
RA-56,6.0,16.0,Feminino,2019,Privada - Programa de Apadrinhamento,8.284333333,10.0,7.8,9.5,9.6,5.0,8.125,7.8,7.8,5.5,10.0,0.0,0.0,0.0,0.0,1,0.0
RA-57,6.0,17.0,Masculino,2017,Privada - Programa de Apadrinhamento,6.450875,5.0,7.2,8.0,0.0,5.63,7.96875,7.755,7.8,6.8,7.0,-1.0,1.0,0.0,0.0,0,
RA-58,6.0,16.0,Masculino,2017,Privada - Programa de Apadrinhamento,7.70625,10.0,8.1,9.7,0.0,6.26,8.4375,8.3825,7.8,6.5,10.0,0.0,0.0,0.0,0.0,1,0.0
RA-59,6.0,18.0,Masculino,2022,Privada - Programa de Apadrinhamento,7.692291667,5.0,7.2,9.6,7.5,5.63,8.28125,8.4225,7.7,6.8,7.2,-2.0,1.0,0.0,0.0,0,
RA-1216,6.0,19.0,Feminino,2023,Concluiu o 3º EM,7.7105,5.0,7.9,9.0,9.6,5.63,7.5,7.795,8.7,5.3,9.7,-2.0,1.0,0.0,0.0,0,
RA-78,6.0,18.0,Feminino,2018,Privada - Programa de Apadrinhamento,6.434625,5.0,6.7,7.7,0.0,6.26,8.28125,8.0025,8.5,4.8,6.8,-2.0,1.0,0.0,0.0,0,
RA-64,6.0,17.0,Feminino,2019,Privada - Programa de Apadrinhamento,7.452541667,5.0,6.7,9.2,7.5,6.89,7.34375,7.9625,7.0,6.0,7.2,-1.0,1.0,0.0,0.0,0,
RA-48,6.0,16.0,Feminino,2017,Privada - Programa de Apadrinhamento,7.797058333,10.0,7.7,8.4,6.7,6.26,7.65625,7.6275,8.3,5.7,9.0,0.0,0.0,0.0,0.0,1,0.0
RA-80,6.0,17.0,Feminino,2017,Privada - Programa de Apadrinhamento,7.252275,5.0,6.3,8.4,8.3,6.89,7.96875,7.465,8.2,5.7,5.0,-1.0,1.0,0.0,0.0,0,
RA-91,6.0,17.0,Feminino,2016,Privada - Programa de Apadrinhamento,7.42395,5.0,7.4,7.4,10.0,6.89,7.8125,7.4675,9.5,5.0,7.7,-1.0,1.0,-1.0,1.0,0,
RA-92,6.0,17.0,Feminino,2016,Privada - Programa de Apadrinhamento,7.375916667,5.0,6.7,9.4,9.6,5.63,7.1875,7.045,8.7,4.8,6.7,-1.0,1.0,0.0,0.0,0,
RA-96,6.0,17.0,Masculino,2021,Privada - Programa de Apadrinhamento,7.610791667,5.0,6.4,8.9,9.6,7.52,7.65625,7.84,6.8,4.8,7.7,-1.0,1.0,0.0,0.0,0,
RA-1220,6.0,17.0,Feminino,2023,Pública,6.46725,5.0,6.8,9.0,0.0,5.0,7.8125,7.63,8.8,5.3,6.3,-1.0,1.0,-1.0,1.0,0,
RA-87,6.0,16.0,Masculino,2021,Privada - Programa de Apadrinhamento,8.6625,10.0,9.3,10.0,7.5,5.63,8.125,8.385,9.5,8.7,9.7,0.0,0.0,1.0,0.0,1,0.0
RA-1221,7.0,22.0,Feminino,2023,Concluiu o 3º EM,8.027466667,5.0,8.7,9.1,9.2,6.26,8.0,8.09,8.2,8.0,10.0,-1.0,1.0,0.0,0.0,0,
RA-27,7.0,17.0,Masculino,2016,Privada - Programa de Apadrinhamento,7.921266667,10.0,6.9,7.7,6.7,6.89,8.625,8.8825,7.0,5.8,8.0,0.0,0.0,0.0,0.0,1,0.0
RA-19,7.0,19.0,Feminino,2022,Nenhuma das opções acima,7.710866667,5.0,7.8,9.4,7.9,5.63,7.75,8.1725,7.7,7.0,8.8,-1.0,1.0,0.0,0.0,0,
RA-62,7.0,17.0,Feminino,2022,Pública,7.610333333,10.0,7.5,9.8,0.0,6.89,8.25,8.215,9.3,6.8,6.3,0.0,0.0,0.0,0.0,1,0.0
RA-38,7.0,17.0,Feminino,2017,Privada - Programa de Apadrinhamento,8.835333333,10.0,7.7,9.7,9.6,7.52,8.75,8.8825,8.2,8.8,6.0,0.0,0.0,0.0,0.0,1,0.0
RA-1224,7.0,20.0,Masculino,2023,Concluiu o 3º EM,7.5524,5.0,8.0,9.4,8.3,5.0,7.125,7.6325,8.2,6.3,9.5,-1.0,1.0,0.0,0.0,0,
RA-39,7.0,17.0,Feminino,2017,Privada - Programa de Apadrinhamento,8.710333333,10.0,7.8,9.1,9.6,7.52,8.75,8.7575,8.3,7.8,7.2,0.0,0.0,0.0,0.0,1,0.0
RA-1225,7.0,18.0,Feminino,2023,Concluiu o 3º EM,,5.0,,,7.5,2.52,,,,,,-1.0,1.0,0.0,0.0,0,
RA-76,7.0,15.0,Feminino,2017,Privada *Parcerias com Bolsa 100%,,10.0,,,10.0,2.52,,,,,,2.0,0.0,2.0,0.0,1,0.0
RA-26,7.0,18.0,Masculino,2022,Privada *Parcerias com Bolsa 100%,,5.0,,,0.0,7.52,,,,,,-1.0,1.0,0.0,0.0,0,
RA-1226,7.0,16.0,Feminino,2023,Privada *Parcerias com Bolsa 100%,,10.0,,,9.2,7.52,,,,,,1.0,0.0,0.0,0.0,1,0.0
RA-93,7.0,16.0,Feminino,2016,Privada - Programa de Apadrinhamento,,10.0,,,7.9,3.14,,,,,,1.0,0.0,1.0,0.0,1,0.0
RA-119,7.0,15.0,Feminino,2016,Privada - Programa de Apadrinhamento,,10.0,,,6.7,2.52,,,,,,2.0,0.0,1.0,0.0,1,0.0
RA-1227,7.0,16.0,Feminino,2023,Privada - Programa de Apadrinhamento,,10.0,,,9.2,2.52,,,,,,1.0,0.0,0.0,0.0,1,0.0
RA-1228,7.0,17.0,Feminino,2023,Privada - Programa de Apadrinhamento,,10.0,,,7.5,2.52,,,,,,0.0,0.0,0.0,0.0,1,0.0
RA-1229,7.0,16.0,Feminino,2023,Privada - Programa de Apadrinhamento,,10.0,,,8.3,7.52,,,,,,1.0,0.0,0.0,0.0,1,0.0
RA-98,7.0,15.0,Feminino,2017,Privada *Parcerias com Bolsa 100%,,10.0,,,7.9,2.52,,,,,,2.0,0.0,1.0,0.0,1,0.0
RA-172,7.0,15.0,Feminino,2018,Privada - Programa de Apadrinhamento,,10.0,,,0.0,3.77,,,,,,2.0,0.0,1.0,0.0,1,0.0
RA-86,7.0,17.0,Masculino,2016,Privada *Parcerias com Bolsa 100%,,10.0,,,8.3,6.89,,,,,,0.0,0.0,0.0,0.0,1,0.0
RA-1230,7.0,16.0,Feminino,2021,Privada - Programa de Apadrinhamento,,10.0,,,0.0,2.52,,,,,,1.0,0.0,0.0,0.0,1,0.0
RA-1231,8.0,22.0,Masculino,2021,Privada *Parcerias com Bolsa 100%,,10.0,,,,,,,,,,0.0,0.0,1.0,0.0,1,0.0
RA-1232,8.0,21.0,Masculino,2021,Privada *Parcerias com Bolsa 100%,,10.0,,,,,,,,,,0.0,0.0,1.0,0.0,1,0.0
RA-1233,8.0,22.0,Feminino,2021,Privada *Parcerias com Bolsa 100%,,10.0,,,,,,,,,,0.0,0.0,1.0,0.0,1,0.0
RA-1234,8.0,20.0,Feminino,2021,Privada *Parcerias com Bolsa 100%,,10.0,,,,,,,,,,0.0,0.0,0.0,0.0,1,0.0
RA-1235,8.0,21.0,Masculino,2021,Privada *Parcerias com Bolsa 100%,,10.0,,,,,,,,,,0.0,0.0,1.0,0.0,1,0.0
RA-1236,8.0,21.0,Feminino,2021,Privada *Parcerias com Bolsa 100%,,10.0,,,,,,,,,,0.0,0.0,0.0,0.0,1,0.0
RA-1237,8.0,21.0,Feminino,2021,Privada *Parcerias com Bolsa 100%,,10.0,,,,,,,,,,0.0,0.0,1.0,0.0,1,0.0
RA-1238,8.0,21.0,Feminino,2021,Privada *Parcerias com Bolsa 100%,,10.0,,,,,,,,,,0.0,0.0,1.0,0.0,1,0.0
RA-1239,8.0,20.0,Feminino,2021,Privada *Parcerias com Bolsa 100%,,10.0,,,,,,,,,,0.0,0.0,0.0,0.0,1,0.0
RA-1240,8.0,20.0,Masculino,2021,Privada *Parcerias com Bolsa 100%,,10.0,,,,,,,,,,0.0,0.0,0.0,0.0,1,0.0
RA-1241,8.0,20.0,Feminino,2021,Privada *Parcerias com Bolsa 100%,,10.0,,,,,,,,,,0.0,0.0,0.0,0.0,1,0.0
RA-1242,8.0,19.0,Feminino,2021,Privada *Parcerias com Bolsa 100%,,10.0,,,,,,,,,,0.0,0.0,0.0,0.0,1,0.0
RA-1244,8.0,20.0,Feminino,2021,Privada *Parcerias com Bolsa 100%,,10.0,,,,,,,,,,0.0,0.0,0.0,0.0,1,0.0
RA-1245,8.0,20.0,Masculino,2021,Privada *Parcerias com Bolsa 100%,,10.0,,,,,,,,,,0.0,0.0,0.0,0.0,1,0.0
RA-1246,8.0,20.0,Feminino,2021,Privada - Pagamento por *Empresa Parceira,,10.0,,,,,,,,,,0.0,0.0,0.0,0.0,1,0.0
RA-1248,8.0,20.0,Masculino,2021,Privada *Parcerias com Bolsa 100%,,10.0,,,,,,,,,,0.0,0.0,0.0,0.0,1,0.0
RA-1249,8.0,26.0,Masculino,2021,Privada *Parcerias com Bolsa 100%,,10.0,,,,,,,,,,0.0,0.0,0.0,0.0,1,0.0
RA-1250,8.0,20.0,Masculino,2021,Privada - Pagamento por *Empresa Parceira,,10.0,,,,,,,,,,0.0,0.0,0.0,0.0,1,0.0
RA-1251,8.0,20.0,Feminino,2021,Privada *Parcerias com Bolsa 100%,,10.0,,,,,,,,,,0.0,0.0,0.0,0.0,1,0.0
RA-1252,8.0,21.0,Feminino,2021,Privada *Parcerias com Bolsa 100%,,10.0,,,,,,,,,,0.0,0.0,1.0,0.0,1,0.0
RA-1253,8.0,23.0,Feminino,2021,Privada *Parcerias com Bolsa 100%,,10.0,,,,,,,,,,0.0,0.0,0.0,0.0,1,0.0
RA-1254,8.0,19.0,Masculino,2021,Privada *Parcerias com Bolsa 100%,,10.0,,,,,,,,,,0.0,0.0,1.0,0.0,1,0.0
RA-1255,8.0,19.0,Masculino,2021,Privada *Parcerias com Bolsa 100%,,10.0,,,,,,,,,,0.0,0.0,0.0,0.0,1,0.0
RA-1256,8.0,18.0,Feminino,2021,Privada *Parcerias com Bolsa 100%,,10.0,,,,,,,,,,0.0,0.0,0.0,0.0,1,0.0
RA-1257,8.0,18.0,Masculino,2021,Privada *Parcerias com Bolsa 100%,,10.0,,,,,,,,,,0.0,0.0,0.0,0.0,1,0.0
RA-1258,8.0,24.0,Masculino,2021,Privada *Parcerias com Bolsa 100%,,10.0,,,,,,,,,,0.0,0.0,1.0,0.0,1,0.0
RA-1259,8.0,19.0,Feminino,2021,Privada *Parcerias com Bolsa 100%,,10.0,,,,,,,,,,0.0,0.0,0.0,0.0,1,0.0
RA-1260,8.0,19.0,Masculino,2021,Privada *Parcerias com Bolsa 100%,,10.0,,,,,,,,,,0.0,0.0,1.0,0.0,1,0.0
RA-1261,8.0,19.0,Feminino,2021,Privada *Parcerias com Bolsa 100%,,10.0,,,,,,,,,,0.0,0.0,0.0,0.0,1,0.0
RA-1262,8.0,19.0,Feminino,2021,Privada *Parcerias com Bolsa 100%,,10.0,,,,,,,,,,0.0,0.0,0.0,0.0,1,0.0
RA-1263,8.0,20.0,Feminino,2021,Privada *Parcerias com Bolsa 100%,,10.0,,,,,,,,,,0.0,0.0,0.0,0.0,1,0.0
RA-1264,8.0,20.0,Feminino,2021,Privada *Parcerias com Bolsa 100%,,10.0,,,,,,,,,,0.0,0.0,0.0,0.0,1,0.0
RA-1265,8.0,20.0,Masculino,2022,Privada *Parcerias com Bolsa 100%,,10.0,,,,,,,,,,0.0,0.0,0.0,0.0,1,0.0
RA-1266,8.0,19.0,Feminino,2021,Privada *Parcerias com Bolsa 100%,,10.0,,,,,,,,,,0.0,0.0,1.0,0.0,1,0.0
RA-1267,8.0,22.0,Feminino,2021,Privada *Parcerias com Bolsa 100%,,10.0,,,,,,,,,,0.0,0.0,1.0,0.0,1,0.0
RA-1268,8.0,19.0,Masculino,2021,Privada *Parcerias com Bolsa 100%,,10.0,,,,,,,,,,0.0,0.0,1.0,0.0,1,0.0
RA-14,8.0,21.0,Masculino,2022,Privada *Parcerias com Bolsa 100%,,10.0,,,,,,,,,,0.0,0.0,0.0,0.0,1,0.0
RA-13,8.0,18.0,Masculino,2016,Privada *Parcerias com Bolsa 100%,,10.0,,,,,,,,,,0.0,0.0,0.0,0.0,1,0.0
RA-12,8.0,18.0,Feminino,2020,Privada *Parcerias com Bolsa 100%,,10.0,,,,,,,,,,0.0,0.0,0.0,0.0,1,0.0
RA-7,8.0,19.0,Masculino,2017,Privada *Parcerias com Bolsa 100%,,10.0,,,,,,,,,,0.0,0.0,0.0,0.0,1,0.0
RA-6,8.0,19.0,Feminino,2021,Privada - Pagamento por *Empresa Parceira,,10.0,,,,,,,,,,0.0,0.0,0.0,0.0,1,0.0
RA-1,8.0,20.0,Feminino,2016,Privada *Parcerias com Bolsa 100%,,10.0,,,,,,,,,,0.0,0.0,0.0,0.0,1,0.0
RA-36,8.0,18.0,Feminino,2019,Privada *Parcerias com Bolsa 100%,,10.0,,,,,,,,,,0.0,0.0,0.0,0.0,1,0.0
RA-35,8.0,18.0,Feminino,2019,Privada *Parcerias com Bolsa 100%,,10.0,,,,,,,,,,0.0,0.0,0.0,0.0,1,0.0
RA-31,8.0,18.0,Feminino,2019,Privada *Parcerias com Bolsa 100%,,10.0,,,,,,,,,,0.0,0.0,0.0,0.0,1,0.0
RA-23,8.0,17.0,Masculino,2021,Privada *Parcerias com Bolsa 100%,,10.0,,,,,,,,,,1.0,0.0,0.0,0.0,1,0.0
RA-88,8.0,18.0,Masculino,2021,Privada - Pagamento por *Empresa Parceira,,10.0,,,,,,,,,,0.0,0.0,0.0,0.0,1,0.0
RA-1269,8.0,18.0,Feminino,2021,Privada - Pagamento por *Empresa Parceira,,10.0,,,,,,,,,,0.0,0.0,0.0,0.0,1,0.0
RA-49,8.0,18.0,Feminino,2022,Privada *Parcerias com Bolsa 100%,,10.0,,,,,,,,,,0.0,0.0,0.0,0.0,1,0.0
RA-1270,8.0,19.0,Feminino,2021,Privada *Parcerias com Bolsa 100%,,10.0,,,,,,,,,,0.0,0.0,0.0,0.0,1,0.0
RA-29,8.0,18.0,Masculino,2022,Privada *Parcerias com Bolsa 100%,,10.0,,,,,,,,,,0.0,0.0,0.0,0.0,1,0.0
RA-17,8.0,21.0,Masculino,2022,Privada - Pagamento por *Empresa Parceira,,10.0,,,,,,,,,,0.0,0.0,0.0,0.0,1,0.0
RA-21,8.0,19.0,Masculino,2022,Privada *Parcerias com Bolsa 100%,,10.0,,,,,,,,,,0.0,0.0,0.0,0.0,1,0.0
RA-25,8.0,18.0,Feminino,2021,Privada *Parcerias com Bolsa 100%,,10.0,,,,,,,,,,0.0,0.0,0.0,0.0,1,0.0
RA-2,8.0,18.0,Feminino,2017,Privada *Parcerias com Bolsa 100%,,10.0,,,,,,,,,,0.0,0.0,0.0,0.0,1,0.0
RA-1271,8.0,18.0,Feminino,2021,Privada *Parcerias com Bolsa 100%,,10.0,,,,,,,,,,0.0,0.0,0.0,0.0,1,0.0
RA-1272,8.0,18.0,Feminino,2021,Privada *Parcerias com Bolsa 100%,,10.0,,,,,,,,,,0.0,0.0,0.0,0.0,1,0.0
RA-1273,8.0,17.0,Feminino,2023,Privada - Pagamento por *Empresa Parceira,,10.0,,,,,,,,,,1.0,0.0,0.0,0.0,1,0.0
RA-1274,8.0,18.0,Feminino,2021,Privada - Pagamento por *Empresa Parceira,,10.0,,,,,,,,,,0.0,0.0,0.0,0.0,1,0.0
