Feature,Importancia_media,Desvio_padrao
idade_2023,0.029519400352733573,0.01048995915996997
fase_ordem_2023,0.018496472663139203,0.00857493092415925
ipv_2023,0.010780423280423187,0.004273087360389719
ipp_2023,0.008708112874779428,0.005653590731707402
ano_ingresso_2023,0.0037477954144619556,0.005769110135377828
min_indicador_2023,0.0036155202821868794,0.0025140009330067705
iaa_2023,0.0030202821869487343,0.002276281274742757
ips_2023,0.0026675485008817224,0.0032869032214418743
ieg_2023,0.0020502645502644395,0.0013044367012775189
nota_matematica_2023,0.0018959435626101065,0.0024434128752199935
inde_2023,0.0017416225749557663,0.001994997655624543
nota_portugues_2023,0.001587301587301456,0.0028297811269347526
media_indicadores_2023,0.0013007054673720283,0.0018271479387119433
ida_2023,0.001146384479717703,0.002152831678259901
media_notas_2023,0.0005291005291004051,0.002008956922379994
defasagem_2023,8.818342151672247e-05,0.00047488225812473153
ian_2023,0.0,0.0
instituicao_ensino_2023,-1.0732155904709847e-16,0.0023100858725625607
nota_ingles_2023,-0.0003086419753087729,0.0009466891778476031
tempo_pm_2023,-0.00041887125220471113,0.004703006731906655
genero_2023,-0.0011904761904762676,0.0011880241256885108
